id,name,selling_price,year,seller_type,owner,km_driven,ex_showroom_price,company
0,Royal Enfield Classic 350,175000.0,2019,individual,1st ,350,0.0,Royal Enfield
1,Honda Dio,45000.0,2017,individual,1st ,5650,0.0,Honda
2,Royal Enfield Classic Gunmetal Grey,150000.0,2018,individual,1st ,12000,148114.0,Royal Enfield
3,Yamaha Fazer FI V 2.0 [2016-2018],65000.0,2015,individual,1st ,23000,89643.0,Yamaha
4,Yamaha SZ [2013-2014],20000.0,2011,individual,2nd ,21000,0.0,Yamaha
5,Honda CB Twister,18000.0,2010,individual,1st ,60000,53857.0,Honda
6,Honda CB Hornet 160R,78500.0,2018,individual,1st ,17000,87719.0,Honda
7,Royal Enfield Bullet 350 [2007-2011],180000.0,2008,individual,2nd ,39000,0.0,Royal Enfield
9,Bajaj Discover 125,50000.0,2016,individual,1st ,42000,60122.0,Bajaj
10,Yamaha FZ16,35000.0,2015,individual,1st ,32000,78712.0,Yamaha
11,Honda Navi,28000.0,2016,individual,2nd ,10000,47255.0,Honda
12,Bajaj Avenger Street 220,80000.0,2018,individual,1st ,21178,95955.0,Bajaj
13,Yamaha YZF R3,365000.0,2019,individual,1st ,1127,351680.0,Yamaha
14,Jawa 42,185000.0,2020,individual,1st ,1700,0.0,Jawa
15,Suzuki Access 125 [2007-2016],25000.0,2012,individual,1st ,55000,58314.0,Suzuki
17,Yamaha YZF R15 S,40000.0,2010,individual,2nd ,45000,117926.0,Yamaha
18,Royal Enfield Classic Gunmetal Grey,150000.0,2018,individual,1st ,23000,148114.0,Royal Enfield
19,Yamaha FZ25,120000.0,2018,individual,1st ,39000,132680.0,Yamaha
20,Hero Passion Pro 110,15000.0,2008,individual,1st ,60000,0.0,Hero
21,Honda Navi [2016-2017],26000.0,2016,individual,1st ,17450,44389.0,Honda
22,Honda Activa i,32000.0,2013,individual,2nd ,20696,53900.0,Activa
23,Jawa Standard,180000.0,2019,individual,1st ,2000,0.0,Jawa
24,Royal Enfield Thunderbird 350,110000.0,2016,individual,1st ,20000,0.0,Royal Enfield
25,Honda Dream Yuga,25000.0,2012,individual,1st ,35000,56147.0,Honda
26,TVS Apache RTR 160 4V,80000.0,2018,individual,1st ,15210,0.0,TVS
27,Honda Navi [2016-2017],42000.0,2017,individual,1st ,24000,44389.0,Honda
28,Yamaha Fazer [2009-2016],40000.0,2013,individual,3rd ,35000,84751.0,Yamaha
30,Hero Glamour 125,55000.0,2017,individual,1st ,2500,61600.0,Hero
31,Yamaha FZ S [2012-2016],38000.0,2013,individual,1st ,75000,79432.0,Yamaha
32,Hero Xtreme Sports,43000.0,2016,individual,2nd ,50000,78350.0,Hero
33,Honda X-Blade,65000.0,2018,individual,1st ,27000,0.0,Honda
34,Honda CB Shine SP,62000.0,2019,individual,1st ,10000,71049.0,Honda
35,Honda Activa 5G,60000.0,2018,individual,1st ,6502,57557.0,Activa
36,Hero Glamour 125,45000.0,2018,individual,1st ,21000,61600.0,Hero
37,Honda CBR-250R,120000.0,2016,individual,1st ,16000,202310.0,Honda
39,Royal Enfield Thunderbird 350,90000.0,2015,individual,3rd ,13000,0.0,Royal Enfield
40,Bajaj Dominar 400,125000.0,2017,individual,1st ,12800,0.0,Bajaj
41,Hero Glamour FI,50000.0,2018,individual,1st ,20000,71150.0,Hero
42,KTM 390 Duke,175000.0,2017,individual,1st ,4600,0.0,KTM
43,Hero Passion XPro,28000.0,2012,individual,1st ,81000,56750.0,Hero
44,Yamaha FZ S V 2.0,85000.0,2018,individual,1st ,8000,84042.0,Yamaha
45,Hero Achiever 150,29900.0,2016,individual,1st ,55000,69750.0,Hero
46,Bajaj Discover 125,25000.0,2011,individual,1st ,57000,60122.0,Bajaj
47,Yamaha FZ16,30000.0,2009,individual,2nd ,26000,78712.0,Yamaha
48,Yamaha Saluto,60000.0,2018,individual,1st ,13000,59844.0,Yamaha
49,Yamaha FZ16,35000.0,2012,individual,2nd ,29000,78712.0,Yamaha
50,Bajaj Discover 100,25000.0,2010,individual,1st ,43000,42859.0,Bajaj
51,Honda CB Trigger,30000.0,2015,individual,1st ,40000,73413.0,Honda
52,Royal Enfield Electra 5 S,90000.0,2010,individual,2nd ,40000,0.0,Royal Enfield
53,Hero Splendor PRO,35000.0,2015,individual,2nd ,24000,49900.0,Hero
54,Honda Activa 5G,70000.0,2019,individual,1st ,3000,59422.0,Activa
56,Bajaj Pulsar 150,25000.0,2010,individual,1st ,42000,0.0,Bajaj
57,Royal Enfield Bullet 350,90000.0,2014,individual,1st ,13000,0.0,Royal Enfield
58,Bajaj Discover 125,25000.0,2013,individual,1st ,55000,57549.0,Bajaj
59,Bajaj Pulsar 150 [2001-2011],42000.0,2011,individual,1st ,23000,0.0,Bajaj
60,Hero Splendor PRO,35000.0,2015,individual,2nd ,24000,51994.0,Hero
61,Hero Xtreme Sports,50000.0,2014,individual,1st ,80000,80350.0,Hero
62,Honda Activa 3G,30000.0,2015,individual,1st ,39000,54605.0,Activa
63,Yamaha FZ16,48000.0,2016,individual,1st ,20000,78712.0,Yamaha
64,Honda CB Hornet 160R,65000.0,2016,individual,1st ,30000,88161.0,Honda
65,Royal Enfield Thunderbird 350,85000.0,2013,individual,1st ,21000,0.0,Royal Enfield
66,Hero Hunk,45000.0,2014,individual,1st ,41000,78513.0,Hero
67,Suzuki Let''s,34000.0,2014,individual,1st ,8000,50098.0,Suzuki
68,Royal Enfield Electra 4 S,90000.0,2008,individual,1st ,50000,0.0,Royal Enfield
69,TVS Scooty Pep Plus,35000.0,2012,individual,1st ,8150,0.0,TVS
70,Mahindra Mojo XT300,165000.0,2017,individual,1st ,1933,195500.0,Mahindra
71,TVS Apache RTR 160,35000.0,2013,individual,1st ,55750,0.0,TVS
72,Bajaj Pulsar AS200,65000.0,2015,individual,1st ,15856,92074.0,Bajaj
73,Bajaj Pulsar 150,29500.0,2013,individual,1st ,27000,0.0,Bajaj
74,Royal Enfield Thunderbird 350X,165000.0,2019,individual,1st ,3700,164004.0,Royal Enfield
75,Suzuki Intruder 150,95000.0,2018,individual,1st ,21938,0.0,Suzuki
77,Honda Dio,7500.0,2009,individual,2nd ,16000,0.0,Honda
78,Bajaj Xcd,25000.0,2008,individual,1st ,54000,0.0,Bajaj
79,Hero Splendor Plus,35000.0,2014,individual,2nd ,35000,0.0,Hero
80,Royal Enfield Thunderbird 350X,160000.0,2018,individual,1st ,15000,0.0,Royal Enfield
81,Honda CB Unicorn 150,50000.0,2014,individual,1st ,32000,74295.0,Honda
82,Honda Activa 5G,62000.0,2019,individual,1st ,3500,57557.0,Activa
83,Honda CB Twister,30000.0,2013,individual,1st ,9000,53857.0,Honda
84,Hero Splendor PRO,28000.0,2015,individual,1st ,38000,49642.0,Hero
86,Honda Activa i [2016-2017],30000.0,2015,individual,2nd ,20000,51112.0,Activa
87,Royal Enfield Classic Gunmetal Grey,140000.0,2018,individual,1st ,22000,148114.0,Royal Enfield
88,TVS Scooty Zest 110,30000.0,2017,individual,1st ,9432,53751.0,TVS
89,Hero CD Deluxe,25000.0,2014,individual,1st ,70000,0.0,Hero
90,Suzuki Access 125 [2007-2016],22000.0,2010,individual,2nd ,43000,58314.0,Suzuki
91,Honda Activa [2000-2015],22989.0,2012,individual,1st ,500000,50267.0,Activa
92,Honda Activa 125 [2016-2017],42000.0,2016,individual,1st ,30514,61653.0,Activa
93,Suzuki GS150R,30000.0,2010,individual,1st ,130000,70851.0,Suzuki
94,Bajaj Pulsar 220S,55000.0,2015,individual,1st ,45000,0.0,Bajaj
95,Honda Activa 4G,45000.0,2018,individual,1st ,25000,53079.0,Activa
96,Yamaha FZ25,150000.0,2019,individual,1st ,2500,133680.0,Yamaha
97,Bajaj Pulsar 150,42000.0,2015,individual,1st ,22770,0.0,Bajaj
98,Hero Splendor Plus,30000.0,2015,individual,1st ,30000,0.0,Hero
99,Bajaj Discover 100,24999.0,2012,individual,2nd ,35000,42859.0,Bajaj
100,Royal Enfield Thunderbird 350X,160000.0,2019,individual,1st ,6330,0.0,Royal Enfield
101,Royal Enfield Classic 350,175000.0,2020,individual,1st ,500,0.0,Royal Enfield
102,Bajaj Pulsar 150,40000.0,2013,individual,1st ,43400,0.0,Bajaj
103,Bajaj Pulsar NS160,85000.0,2018,individual,1st ,7004,0.0,Bajaj
104,Royal Enfield Classic Desert Storm,150000.0,2017,individual,1st ,16500,181445.0,Royal Enfield
105,Suzuki Gixxer SF,80000.0,2018,individual,1st ,12500,0.0,Suzuki
106,TVS Apache RTR 200 4V,95000.0,2018,individual,1st ,9600,0.0,TVS
107,Bajaj V15,42000.0,2016,individual,1st ,35000,65626.0,Bajaj
108,TVS XL 100 Heavy Duty,40000.0,2019,individual,1st ,11000,0.0,TVS
109,Yamaha FZ S V 2.0,50000.0,2015,individual,1st ,20000,84042.0,Yamaha
110,Hero HF Deluxe,40000.0,2018,individual,1st ,13000,0.0,Hero
111,Aprilia SR 125,75000.0,2019,individual,1st ,3500,0.0,Aprilia
112,Yamaha FZ25,120000.0,2017,individual,1st ,9000,132680.0,Yamaha
114,Bajaj Discover 125 ST,17500.0,2013,individual,1st ,38000,58438.0,Bajaj
116,Honda Aviator,57000.0,2018,individual,1st ,6465,61118.0,Honda
117,Vespa SXL 149,80000.0,2018,individual,1st ,18803,0.0,Vespa
118,TVS Scooty Pep Plus,18000.0,2010,individual,1st ,20000,0.0,TVS
119,Hero Xtreme [2013-2014],25000.0,2013,individual,1st ,24000,75936.0,Hero
120,Royal Enfield Thunderbird 350,83900.0,2014,individual,2nd ,22000,0.0,Royal Enfield
121,UM Renegade Commando,160000.0,2018,individual,1st ,7000,180525.0,UM
122,Royal Enfield Classic Gunmetal Grey,135000.0,2018,individual,1st ,6100,148114.0,Royal Enfield
123,Honda CB Hornet 160R,55000.0,2017,individual,1st ,14000,87543.0,Honda
124,Honda Shine,50000.0,2017,individual,1st ,23000,0.0,Honda
125,Bajaj Discover 100,20000.0,2012,individual,1st ,85000,42859.0,Bajaj
127,Royal Enfield Classic 350,125000.0,2017,individual,1st ,18000,0.0,Royal Enfield
128,Honda Activa 5G,55000.0,2019,individual,1st ,10000,57557.0,Activa
129,Bajaj Avenger Street 150 [2018],50000.0,2016,individual,1st ,40000,80435.0,Bajaj
130,Royal Enfield Continental GT 650,299000.0,2019,individual,1st ,1500,0.0,Royal Enfield
131,Honda Activa 3G,60000.0,2015,individual,1st ,30000,54605.0,Activa
132,Honda Activa 3G,40000.0,2015,individual,1st ,3000,54605.0,Activa
133,Bajaj Pulsar 180,15000.0,2008,individual,1st ,55000,85011.0,Bajaj
134,Harley-Davidson Street Bob,750000.0,2013,individual,2nd ,12000,1278000.0,Harley-Davidson
136,Royal Enfield Classic Gunmetal Grey,190000.0,2020,individual,1st ,500,155740.0,Royal Enfield
137,KTM 390 Duke ABS [2013-2016],130000.0,2015,individual,1st ,50000,202127.0,KTM
138,Honda CB Hornet 160R,54786.0,2016,individual,1st ,25000,88161.0,Honda
139,KTM 200 Duke,72000.0,2013,individual,1st ,36500,0.0,KTM
140,Hero Karizma 2014,35000.0,2013,individual,1st ,26000,86744.0,Hero
141,Hero Glamour 125,45000.0,2017,individual,1st ,18000,61600.0,Hero
142,Royal Enfield Classic 350,85000.0,2013,individual,1st ,49000,0.0,Royal Enfield
143,Royal Enfield Classic 500,100000.0,2013,individual,1st ,18000,156304.0,Royal Enfield
144,Bajaj Dominar 400,138000.0,2017,individual,1st ,15000,0.0,Bajaj
145,Royal Enfield Thunderbird 350X,150000.0,2018,individual,1st ,8500,0.0,Royal Enfield
146,KTM RC 390,180000.0,2017,individual,1st ,3775,0.0,KTM
147,Royal Enfield Thunderbird 350,100000.0,2015,individual,1st ,14500,0.0,Royal Enfield
148,Hero Hunk,20000.0,2010,individual,1st ,35000,78513.0,Hero
149,KTM 390 Duke,170000.0,2017,individual,1st ,14000,0.0,KTM
150,Suzuki Gixxer [2014-2018],60000.0,2016,individual,1st ,16000,84246.0,Suzuki
151,Royal Enfield Bullet 350,123000.0,2016,individual,1st ,7000,0.0,Royal Enfield
152,Suzuki Access 125,60000.0,2017,individual,1st ,4000,0.0,Suzuki
153,TVS Apache RTR 200 4V,100000.0,2017,individual,1st ,45000,0.0,TVS
154,Hero Xtreme Sports,22000.0,2014,individual,1st ,99000,78350.0,Hero
155,Honda Activa [2000-2015],30000.0,2014,individual,1st ,52000,50267.0,Activa
156,Bajaj Discover 125,28000.0,2013,individual,1st ,45000,60122.0,Bajaj
157,Bajaj Pulsar 150,50000.0,2007,individual,1st ,52000,0.0,Bajaj
158,Yamaha Saluto RX,40000.0,2017,individual,1st ,27000,49521.0,Yamaha
159,Hero HF Deluxe,43000.0,2018,individual,1st ,60000,0.0,Hero
160,Suzuki Access 125,40000.0,2015,individual,1st ,2300,0.0,Suzuki
161,Royal Enfield Classic Desert Storm,100000.0,2012,individual,1st ,15000,181445.0,Royal Enfield
162,Hero HF Deluxe,30000.0,2016,individual,1st ,50000,0.0,Hero
163,KTM RC 200,130000.0,2017,individual,1st ,27000,0.0,KTM
164,Honda CB Hornet 160R,48000.0,2016,individual,2nd ,25000,88161.0,Honda
165,Bajaj CT 100,32000.0,2017,individual,1st ,40000,0.0,Bajaj
167,Bajaj Pulsar 135 LS,20000.0,2010,individual,2nd ,50000,64589.0,Bajaj
168,Royal Enfield Classic 350,125000.0,2017,individual,1st ,36000,0.0,Royal Enfield
169,Honda Navi [2016-2017],23000.0,2016,individual,1st ,17450,44389.0,Honda
170,Bajaj Discover 125,15000.0,2011,individual,1st ,32000,57549.0,Bajaj
171,Yamaha SZ RR V 2.0,35000.0,2015,individual,1st ,38000,69983.0,Yamaha
172,Bajaj Discover 150,25000.0,2014,individual,2nd ,71000,54299.0,Bajaj
173,Bajaj Pulsar 150,80000.0,2019,individual,1st ,8000,0.0,Bajaj
174,TVS Flame,15000.0,2010,individual,1st ,12000,0.0,TVS
175,Vespa VX 125,45000.0,2013,individual,2nd ,50000,72303.0,Vespa
176,Yamaha SZ X,25000.0,2012,individual,2nd ,30000,65800.0,Yamaha
177,Honda CBF Stunner,35000.0,2013,individual,1st ,15888,58757.0,Honda
178,Bajaj Discover 100 T,25000.0,2013,individual,1st ,26000,47032.0,Bajaj
179,Royal Enfield Classic 350,170000.0,2018,individual,1st ,5600,0.0,Royal Enfield
180,Honda Activa [2000-2015],25000.0,2014,individual,1st ,41000,50267.0,Activa
181,Royal Enfield Electra 5 S,60000.0,2007,individual,2nd ,19612,0.0,Royal Enfield
182,Bajaj Pulsar 150,41000.0,2012,individual,1st ,17000,0.0,Bajaj
183,Honda Shine,35000.0,2012,individual,1st ,33700,0.0,Honda
184,Honda CB Unicorn 160,75000.0,2015,individual,1st ,100000,79233.0,Honda
185,Honda Activa 3G,47999.0,2016,individual,1st ,6000,54605.0,Activa
186,Honda Shine,36999.0,2011,individual,1st ,21000,0.0,Honda
187,Bajaj Pulsar 180,25000.0,2007,individual,1st ,80000,85011.0,Bajaj
188,Suzuki Gixxer SF,60000.0,2016,individual,1st ,15000,0.0,Suzuki
189,Honda CB Unicorn 150,50000.0,2007,individual,1st ,46000,74295.0,Honda
190,Yamaha YZF R15 [2011-2018],65000.0,2013,individual,1st ,11000,118997.0,Yamaha
191,TVS Sport,12000.0,2007,individual,1st ,72000,0.0,TVS
192,Bajaj Pulsar AS200,60000.0,2015,individual,1st ,50000,92074.0,Bajaj
193,Honda Activa [2000-2015],20000.0,2010,individual,1st ,50000,50267.0,Activa
194,Yamaha FZ16,27000.0,2011,individual,1st ,67000,78712.0,Yamaha
195,Bajaj Boxer,10000.0,2000,individual,1st ,30000,0.0,Bajaj
198,Bajaj Avenger Cruise 220,87000.0,2018,individual,1st ,8000,0.0,Bajaj
199,Yamaha Ray Z,35000.0,2015,individual,1st ,15500,52949.0,Yamaha
200,Bajaj Pulsar 180,35000.0,2012,individual,1st ,45000,85011.0,Bajaj
201,Bajaj Discover 150F,40000.0,2014,individual,2nd ,60855,64071.0,Bajaj
202,Bajaj Pulsar 135 LS,56000.0,2017,individual,3rd ,37714,64589.0,Bajaj
203,Bajaj Pulsar 180,30000.0,2008,individual,2nd ,60000,85011.0,Bajaj
204,Honda Activa 125 [2016-2017],40000.0,2017,individual,1st ,26000,61545.0,Activa
205,Hero HF Deluxe,60000.0,2019,individual,1st ,6000,0.0,Hero
206,Hero Karizma 2014,40000.0,2013,individual,1st ,30000,86744.0,Hero
207,Bajaj Platina 100,40000.0,2018,individual,1st ,17000,0.0,Bajaj
208,Royal Enfield Bullet 500,130000.0,2015,individual,1st ,34601,168482.0,Royal Enfield
209,Bajaj Pulsar AS200,45000.0,2015,individual,1st ,48000,92074.0,Bajaj
210,Yamaha FZ S [2012-2016],42000.0,2013,individual,1st ,60000,79432.0,Yamaha
211,Bajaj Pulsar 220 Fi,25000.0,2012,individual,1st ,44000,0.0,Bajaj
212,Bajaj Pulsar 150,15000.0,2006,individual,1st ,55000,0.0,Bajaj
213,Bajaj Dominar 400 [2018],170000.0,2018,individual,1st ,16000,163331.0,Bajaj
214,Hero Passion X Pro [2016-2017],38000.0,2016,individual,2nd ,20000,59095.0,Hero
215,Yamaha FZ S V 2.0,60000.0,2015,individual,2nd ,17500,84042.0,Yamaha
216,TVS Apache RTR 160,65000.0,2017,individual,1st ,46000,0.0,TVS
217,Bajaj Avenger [2015],35000.0,2011,individual,1st ,30000,75502.0,Bajaj
218,Bajaj Pulsar 150,70000.0,2019,individual,1st ,6500,0.0,Bajaj
220,Hero Splendor iSmart,50000.0,2017,individual,2nd ,10000,52271.0,Hero
221,Royal Enfield Classic 350,145000.0,2017,individual,1st ,2200,0.0,Royal Enfield
222,Yamaha FZ16,25000.0,2008,individual,1st ,40000,78712.0,Yamaha
223,Hero Xtreme Sports,58000.0,2016,individual,1st ,21000,80350.0,Hero
224,Royal Enfield Bullet 350 [2007-2011],90000.0,2007,individual,1st ,3500,0.0,Royal Enfield
226,Bajaj Discover 150S,40000.0,2014,individual,1st ,50000,63331.0,Bajaj
227,TVS Scooty Zest 110,28000.0,2015,individual,1st ,32800,52372.0,TVS
228,Bajaj Avenger Street 150 [2018],50000.0,2016,individual,1st ,32000,80435.0,Bajaj
229,Yamaha Cygnus Ray ZR,56000.0,2019,individual,1st ,3900,58630.0,Yamaha
230,Honda Activa [2000-2015],35000.0,2014,individual,1st ,10000,50267.0,Activa
231,TVS Apache RTR 200 4V,95000.0,2018,individual,1st ,9600,0.0,TVS
232,Honda Shine,30000.0,2010,individual,1st ,46782,0.0,Honda
233,Honda CB Hornet 160R,95000.0,2019,individual,1st ,8000,94703.0,Honda
234,Honda Activa i [2016-2017],40000.0,2017,individual,1st ,11000,53436.0,Activa
235,Hero Karizma 2014,30000.0,2014,individual,2nd ,51000,86744.0,Hero
236,Bajaj Discover 100 T,18000.0,2013,individual,1st ,45000,47032.0,Bajaj
237,Honda Aviator,14000.0,2008,individual,1st ,66000,59183.0,Honda
238,Hero Splendor Plus,17000.0,2010,individual,2nd ,50000,0.0,Hero
239,Royal Enfield Thunderbird 350,125000.0,2017,individual,1st ,23500,0.0,Royal Enfield
240,Bajaj CT 110,20000.0,2015,individual,1st ,25000,0.0,Bajaj
241,Hero Passion PRO i3s,50000.0,2017,individual,1st ,41000,56925.0,Hero
242,KTM RC 390,210000.0,2017,individual,1st ,12000,0.0,KTM
243,Bajaj Pulsar 220F,70000.0,2018,individual,1st ,33000,0.0,Bajaj
244,Hero Maestro Edge,40000.0,2017,individual,1st ,15000,55980.0,Hero
245,Bajaj Xcd,10000.0,2008,individual,1st ,50000,0.0,Bajaj
246,Bajaj Pulsar 150,35000.0,2010,individual,1st ,40000,0.0,Bajaj
247,TVS Centra,10000.0,2005,individual,1st ,50000,0.0,TVS
248,Honda Activa 3G,42000.0,2015,individual,1st ,20000,54605.0,Activa
249,Yamaha FZ16,20000.0,2009,individual,1st ,50000,78712.0,Yamaha
250,Hero Maestro Edge,25000.0,2017,individual,1st ,55000,52790.0,Hero
251,Bajaj Discover 125,25000.0,2016,individual,1st ,70350,60122.0,Bajaj
252,Royal Enfield Thunderbird 350X,145000.0,2019,individual,1st ,2700,164004.0,Royal Enfield
253,Hero Super Splendor,50000.0,2016,individual,1st ,20000,0.0,Hero
254,TVS Scooty Pep Plus,30000.0,2011,individual,1st ,20000,0.0,TVS
255,Yamaha FZ V 2.0,60000.0,2014,individual,1st ,41311,81508.0,Yamaha
257,Hero CD Deluxe,15000.0,2014,individual,2nd ,34000,0.0,Hero
259,Hero HF Deluxe i3s,54000.0,2019,individual,1st ,11000,0.0,Hero
260,Bajaj Xcd,25000.0,2007,individual,1st ,75000,0.0,Bajaj
261,Royal Enfield Interceptor 650,260000.0,2019,individual,1st ,1200,0.0,Royal Enfield
262,Honda CBR-250R,100000.0,2014,individual,1st ,19000,199275.0,Honda
263,Bajaj Kristal,15000.0,2007,individual,1st ,30000,0.0,Bajaj
265,Honda Dream Yuga,35000.0,2014,individual,1st ,10000,56147.0,Honda
266,Yamaha FZ S V 2.0,50000.0,2016,individual,1st ,40000,87042.0,Yamaha
267,Hero Xpulse 200,90000.0,2019,individual,1st ,8600,107500.0,Hero
268,Bajaj V15,40000.0,2016,individual,1st ,45000,67187.0,Bajaj
269,Bajaj Avenger Street 220,80000.0,2016,individual,1st ,7200,95955.0,Bajaj
270,Bajaj Discover 135,20000.0,2010,individual,1st ,31195,0.0,Bajaj
271,Honda CB Unicorn 150,70000.0,2017,individual,1st ,18000,74295.0,Honda
272,Vespa SXL 149,98000.0,2019,individual,1st ,1000,0.0,Vespa
273,Royal Enfield Machismo,75000.0,2008,individual,2nd ,17000,0.0,Royal Enfield
274,Honda CB Shine SP,50000.0,2016,individual,1st ,46000,67214.0,Honda
275,Honda CB Unicorn 150,40000.0,2014,individual,1st ,77592,74295.0,Honda
276,Honda CB Unicorn 150,75000.0,2013,individual,1st ,54000,74295.0,Honda
277,Honda CB Unicorn 150,50000.0,2013,individual,1st ,17000,74295.0,Honda
278,Bajaj Pulsar 150,60000.0,2014,individual,1st ,60000,0.0,Bajaj
279,TVS Apache RTR 160,50000.0,2016,individual,1st ,40000,0.0,TVS
280,Honda Dio,35000.0,2014,individual,1st ,25000,0.0,Honda
281,Royal Enfield Thunderbird 350,160000.0,2018,individual,1st ,19000,0.0,Royal Enfield
282,Hero Maestro,25000.0,2015,individual,2nd ,40000,49412.0,Hero
284,Bajaj Dominar 400,200000.0,2019,individual,1st ,7600,0.0,Bajaj
285,Honda Activa 125,40000.0,2014,individual,1st ,14965,0.0,Activa
286,Royal Enfield Classic Desert Storm,130000.0,2015,individual,2nd ,25000,181445.0,Royal Enfield
287,KTM 250 Duke,195000.0,2019,individual,1st ,6000,0.0,KTM
288,KTM RC 390,270000.0,2019,individual,1st ,2380,0.0,KTM
289,Kawasaki Ninja 650 [2018-2019],425000.0,2017,individual,2nd ,13600,599000.0,Kawasaki
290,TVS Apache RTR 200 4V,85000.0,2018,individual,1st ,10000,0.0,TVS
291,Kawasaki Ninja 250R,125000.0,2010,individual,2nd ,21000,317934.0,Kawasaki
292,TVS Wego,45000.0,2018,individual,1st ,10000,54760.0,TVS
293,Honda CBR-250R,85000.0,2014,individual,2nd ,18600,171646.0,Honda
294,Bajaj Pulsar NS200,85000.0,2018,individual,1st ,7750,0.0,Bajaj
295,Suzuki GSX S750,760000.0,2019,individual,1st ,2800,752020.0,Suzuki
296,Royal Enfield Thunderbird 350,100000.0,2015,individual,1st ,30000,0.0,Royal Enfield
297,Royal Enfield Classic 350,95000.0,2015,individual,1st ,9800,0.0,Royal Enfield
298,Honda CB Shine SP,48000.0,2015,individual,1st ,25000,67469.0,Honda
299,Bajaj Avenger Street 150 [2018],40000.0,2016,individual,1st ,29689,80435.0,Bajaj
300,Honda CBF Stunner,37000.0,2014,individual,1st ,43000,58757.0,Honda
301,Bajaj Avenger [2015],38000.0,2014,individual,2nd ,28243,75502.0,Bajaj
302,Suzuki Gixxer [2014-2018],55000.0,2015,individual,1st ,25000,78316.0,Suzuki
303,Suzuki Access 125,45000.0,2017,individual,1st ,22300,0.0,Suzuki
304,TVS Scooty Streak,18000.0,2009,individual,2nd ,33595,44140.0,TVS
305,Royal Enfield Thunderbird 350X,140000.0,2018,individual,1st ,5505,0.0,Royal Enfield
306,Yamaha Rx,70000.0,2000,individual,3rd ,5000,0.0,Yamaha
308,Bajaj Pulsar 125,65000.0,2019,individual,1st ,16000,0.0,Bajaj
309,Honda Activa 5G,42000.0,2018,individual,1st ,22000,57557.0,Activa
310,Yamaha Fazer Dlx,58000.0,2012,individual,1st ,40000,0.0,Yamaha
311,Harley-Davidson Street 750,330000.0,2014,individual,4th ,6500,534000.0,Harley-Davidson
312,Hero Xtreme 2014,35000.0,2013,individual,1st ,15000,72973.0,Hero
313,Royal Enfield Classic 350,162000.0,2018,individual,1st ,17365,0.0,Royal Enfield
315,Royal Enfield Interceptor 650,285000.0,2019,individual,1st ,5500,0.0,Royal Enfield
316,Royal Enfield Classic 350,125000.0,2017,individual,1st ,33900,0.0,Royal Enfield
317,Bajaj Pulsar 150 [2001-2011],15000.0,2005,individual,1st ,47670,0.0,Bajaj
318,Honda Activa [2000-2015],29500.0,2013,individual,1st ,45000,50267.0,Activa
319,TVS Apache RR310,200000.0,2019,individual,1st ,5000,0.0,TVS
320,Jawa Standard,160000.0,2019,individual,1st ,5700,0.0,Jawa
322,Yamaha FZ25,110000.0,2019,individual,1st ,10000,133680.0,Yamaha
323,Bajaj Pulsar 220F,70000.0,2016,individual,1st ,31000,0.0,Bajaj
324,Yamaha Fascino 110,69000.0,2019,individual,1st ,1600,57112.0,Yamaha
325,Yamaha FZ16,30000.0,2011,individual,1st ,44000,78712.0,Yamaha
326,Yamaha FZ16,30000.0,2010,individual,1st ,70000,78712.0,Yamaha
327,TVS Star City Plus,42000.0,2017,individual,1st ,21000,0.0,TVS
328,Royal Enfield Classic 350,160000.0,2018,individual,1st ,17365,0.0,Royal Enfield
329,Bajaj Pulsar 135 LS,20000.0,2010,individual,1st ,80000,64589.0,Bajaj
330,Suzuki Access 125,45000.0,2017,individual,1st ,15000,0.0,Suzuki
331,Bajaj Pulsar 135 LS,23000.0,2010,individual,1st ,77000,64589.0,Bajaj
332,UM Renegade Commando,140000.0,2017,individual,2nd ,40000,180525.0,UM
334,Hero Passion PRO i3s,50000.0,2017,individual,1st ,18000,56925.0,Hero
335,Royal Enfield Classic 350,140000.0,2018,individual,1st ,20000,0.0,Royal Enfield
336,Honda Activa 5G,55000.0,2019,individual,1st ,9000,59422.0,Activa
337,Yamaha Fascino 110,45000.0,2016,individual,1st ,56000,54500.0,Yamaha
338,Hero Splendor Plus,25000.0,2012,individual,1st ,50000,0.0,Hero
339,Royal Enfield Thunderbird 350,90000.0,2014,individual,1st ,12000,0.0,Royal Enfield
340,Yamaha YZF R15 V3,120000.0,2018,individual,1st ,11500,0.0,Yamaha
341,KTM RC 200,120000.0,2015,individual,1st ,20000,0.0,KTM
342,TVS Radeon,35000.0,2017,individual,1st ,20000,66492.0,TVS
343,Hero HF Deluxe,35000.0,2017,individual,1st ,27000,0.0,Hero
344,BMW G310GS,300000.0,2018,individual,1st ,2500,349000.0,BMW
345,Royal Enfield Thunderbird 350,87000.0,2012,individual,1st ,20477,0.0,Royal Enfield
347,Yamaha FZ S V 2.0,50000.0,2014,individual,1st ,70000,84042.0,Yamaha
348,Bajaj Avenger Street 220,60000.0,2016,individual,1st ,29000,95955.0,Bajaj
350,Bajaj Platina 100,30000.0,2018,individual,1st ,37000,0.0,Bajaj
351,Royal Enfield Thunderbird 350X,160000.0,2018,individual,1st ,3246,0.0,Royal Enfield
352,Honda CB Unicorn 150,50000.0,2016,individual,1st ,27000,74295.0,Honda
353,Suzuki Gixxer [2014-2018],62000.0,2017,individual,1st ,15000,78316.0,Suzuki
354,Bajaj Platina 100,45000.0,2019,individual,1st ,15000,0.0,Bajaj
355,Royal Enfield Thunderbird 350,120000.0,2017,individual,1st ,4050,0.0,Royal Enfield
356,Royal Enfield Thunderbird 500,125000.0,2014,individual,1st ,25000,190874.0,Royal Enfield
357,Bajaj Pulsar AS150,50000.0,2015,individual,1st ,5000,80821.0,Bajaj
358,Bajaj Pulsar 150,30000.0,2012,individual,2nd ,5000,0.0,Bajaj
359,Hero Pleasure,40000.0,2014,individual,1st ,14000,51600.0,Hero
360,Honda Aviator,41000.0,2013,individual,1st ,36500,63537.0,Honda
361,Royal Enfield Thunderbird 350,120000.0,2017,individual,2nd ,9000,0.0,Royal Enfield
362,Hero Ignitor,35000.0,2014,individual,1st ,33200,67722.0,Hero
364,TVS Apache RTR 160,35000.0,2011,individual,1st ,25000,0.0,TVS
365,Hero Achiever 150,38000.0,2017,individual,1st ,26000,69750.0,Hero
366,Vespa LX 125,50000.0,2015,individual,1st ,3909,77900.0,Vespa
367,Honda Activa 3G,40000.0,2015,individual,1st ,7672,54605.0,Activa
368,Hero Splendor Plus i3s,70000.0,2019,individual,1st ,3000,55600.0,Hero
369,Royal Enfield Classic 350,140000.0,2016,individual,1st ,3654,0.0,Royal Enfield
370,Hero Maestro,26500.0,2016,individual,2nd ,40000,53830.0,Hero
371,Hero Glamour 125,38000.0,2016,dealer,1st ,5500,61600.0,Hero
372,Yamaha FZ16,60000.0,2016,individual,1st ,29950,78712.0,Yamaha
373,Royal Enfield Himalayan,145000.0,2017,individual,1st ,14000,0.0,Royal Enfield
374,Yamaha FZ S V 2.0,78000.0,2017,individual,1st ,26100,84480.0,Yamaha
375,Hero Maestro Edge,58000.0,2018,individual,1st ,6000,54580.0,Hero
376,Yamaha FZ25,130000.0,2017,individual,1st ,4000,132680.0,Yamaha
377,TVS Victor,20000.0,2001,individual,1st ,50000,54852.0,TVS
378,Bajaj Dominar 400 [2018],150000.0,2018,individual,1st ,5475,163331.0,Bajaj
379,Bajaj Pulsar 180,32000.0,2012,individual,1st ,40000,85011.0,Bajaj
380,Bajaj Pulsar 180,50000.0,2017,individual,1st ,20500,85011.0,Bajaj
381,KTM 200 Duke,120000.0,2017,individual,1st ,4100,0.0,KTM
382,Bajaj Avenger Street 150 [2018],60000.0,2016,individual,2nd ,23097,80435.0,Bajaj
383,Bajaj Discover 100 M,20000.0,2011,individual,1st ,37734,44756.0,Bajaj
384,Royal Enfield Bullet 350 [2007-2011],65000.0,2011,individual,2nd ,65000,0.0,Royal Enfield
385,Yamaha YZF R15 S,70000.0,2016,individual,1st ,8000,117926.0,Yamaha
386,Yamaha FZ V 2.0,35000.0,2014,individual,1st ,13500,81508.0,Yamaha
387,Bajaj Avenger Street 220,95000.0,2018,individual,1st ,23000,95955.0,Bajaj
388,Bajaj Pulsar 150,8000.0,2005,individual,1st ,58000,0.0,Bajaj
389,Royal Enfield Thunderbird 350,85000.0,2010,individual,1st ,15000,0.0,Royal Enfield
390,Hero Achiever 150,65000.0,2016,individual,1st ,29000,69750.0,Hero
391,Hero Passion Pro 110,39000.0,2013,individual,1st ,20000,0.0,Hero
392,Hero Duet,45000.0,2017,individual,1st ,35000,50280.0,Hero
393,Bajaj Avenger Street 150 [2018],60000.0,2016,individual,1st ,45137,80435.0,Bajaj
394,Royal Enfield Classic Stealth Black,160000.0,2018,individual,1st ,7500,204977.0,Royal Enfield
395,Bajaj Pulsar 150,35000.0,2011,individual,1st ,35600,0.0,Bajaj
396,Bajaj Pulsar 135 LS,40000.0,2018,individual,1st ,15000,64589.0,Bajaj
397,Yamaha Fazer [2009-2016],40000.0,2012,individual,1st ,7353,84751.0,Yamaha
398,Honda CB Hornet 160R,56000.0,2017,individual,2nd ,13200,87543.0,Honda
399,Honda CB Unicorn Dazzler,22000.0,2011,individual,1st ,38350,71757.0,Honda
400,Yamaha YBR 125,36000.0,2014,individual,1st ,20400,54593.0,Yamaha
401,Suzuki Intruder 150 Fi,100000.0,2018,individual,1st ,14500,110240.0,Suzuki
402,Bajaj V15,42000.0,2016,individual,1st ,19500,67187.0,Bajaj
403,Royal Enfield Electra 5 S,85000.0,2008,individual,1st ,20000,0.0,Royal Enfield
404,Hero Passion PRO TR,45000.0,2014,individual,1st ,36000,54586.0,Hero
405,Yamaha FZ25,145000.0,2019,individual,1st ,4500,133680.0,Yamaha
406,Hero Karizma [2003-2014],50000.0,2013,individual,1st ,38000,85766.0,Hero
407,Royal Enfield Interceptor 650,270000.0,2019,individual,1st ,9000,0.0,Royal Enfield
408,Royal Enfield Thunderbird 350,60000.0,2006,individual,1st ,40000,0.0,Royal Enfield
409,Royal Enfield Classic Squadron Blue,140000.0,2017,individual,1st ,25000,181445.0,Royal Enfield
411,KTM 390 Duke ABS [2013-2016],180000.0,2015,individual,2nd ,13125,202127.0,KTM
412,Bajaj Pulsar 180,42000.0,2014,individual,2nd ,19600,85011.0,Bajaj
413,Suzuki Access 125 [2007-2016],16000.0,2011,individual,1st ,40000,58314.0,Suzuki
414,Hero Splendor iSmart,40000.0,2015,individual,1st ,19055,52271.0,Hero
415,Bajaj Pulsar 180,38000.0,2012,individual,2nd ,57000,85011.0,Bajaj
416,Yamaha YZF R15 S,85000.0,2017,individual,1st ,13000,117926.0,Yamaha
417,Honda Aviator,28000.0,2013,individual,1st ,28087,63537.0,Honda
418,KTM 200 Duke,135000.0,2018,individual,1st ,24000,0.0,KTM
419,Royal Enfield Thunderbird 350,120000.0,2016,individual,1st ,24600,0.0,Royal Enfield
420,Hero Karizma ZMR,37000.0,2010,individual,1st ,27500,108000.0,Hero
421,Royal Enfield Classic Chrome,135000.0,2015,individual,1st ,45000,189313.0,Royal Enfield
423,Mahindra Rodeo,20000.0,2013,individual,1st ,7000,47343.0,Mahindra
424,TVS Apache RTR 160,83299.0,2019,individual,1st ,6400,0.0,TVS
425,Yamaha Fazer FI V 2.0 [2016-2018],65000.0,2018,individual,1st ,3500,89643.0,Yamaha
426,Honda Activa 5G,50000.0,2018,individual,1st ,14000,59422.0,Activa
427,Bajaj Pulsar 220 Fi,65000.0,2013,individual,1st ,6409,0.0,Bajaj
429,Honda CB Hornet 160R,60000.0,2017,individual,1st ,16500,92210.0,Honda
430,Royal Enfield Bullet 350,110000.0,2015,individual,1st ,36000,0.0,Royal Enfield
432,Yamaha Saluto,38000.0,2015,individual,1st ,15000,63180.0,Yamaha
433,Suzuki Access 125,70000.0,2018,individual,1st ,14500,0.0,Suzuki
434,TVS Sport,35000.0,2018,individual,1st ,26600,0.0,TVS
436,KTM 125 Duke,130000.0,2019,individual,1st ,3500,0.0,KTM
437,Bajaj Pulsar NS200,50000.0,2013,dealer,1st ,58203,0.0,Bajaj
438,Bajaj Pulsar 150 [2001-2011],18000.0,2005,individual,1st ,21885,0.0,Bajaj
439,Hero Xtreme 200R,87000.0,2019,individual,1st ,3200,93400.0,Hero
441,Bajaj Discover 150S,35000.0,2015,individual,1st ,28000,63331.0,Bajaj
442,Honda CBR-250R,100000.0,2011,individual,2nd ,3500,171646.0,Honda
443,Hero Pleasure,30000.0,2013,individual,1st ,24000,51600.0,Hero
444,Bajaj Avenger Cruise 220,95000.0,2018,individual,1st ,1800,0.0,Bajaj
445,Bajaj Discover 125 ST,25000.0,2012,individual,1st ,76000,58438.0,Bajaj
446,Bajaj Pulsar 150 [2001-2011],26500.0,2010,individual,1st ,52500,0.0,Bajaj
447,Bajaj Boxer,12000.0,2008,individual,1st ,17500,0.0,Bajaj
448,Bajaj Pulsar 150,20000.0,2006,individual,1st ,41000,0.0,Bajaj
449,Royal Enfield Classic Signals,195000.0,2018,individual,1st ,2845,164095.0,Royal Enfield
450,Bajaj Pulsar 180,14900.0,2007,individual,1st ,50000,85011.0,Bajaj
451,Honda Dream Yuga,48000.0,2018,individual,1st ,7110,56147.0,Honda
452,Yamaha FZ S [2012-2016],40000.0,2014,individual,1st ,27785,79432.0,Yamaha
453,Honda CB Unicorn,45000.0,2010,individual,1st ,75000,71681.0,Honda
454,Honda Shine,25000.0,2010,individual,1st ,20000,0.0,Honda
455,Honda Activa 3G,25000.0,2011,individual,1st ,20000,54605.0,Activa
456,Honda Activa [2000-2015],10000.0,2009,individual,1st ,60000,50267.0,Activa
457,Mahindra Flyte,22000.0,2009,individual,3rd ,20000,44493.0,Mahindra
458,Honda Activa 3G,45000.0,2015,individual,1st ,18000,54605.0,Activa
459,KTM 250 Duke,135000.0,2017,individual,1st ,16500,0.0,KTM
460,Yamaha Ray Z,75000.0,2017,individual,1st ,15000,52949.0,Yamaha
461,Bajaj Pulsar 135 LS,24000.0,2010,individual,1st ,45000,64589.0,Bajaj
462,Yamaha FZ16,45000.0,2016,individual,1st ,37000,78712.0,Yamaha
463,Hero Passion PRO i3s,55000.0,2017,individual,1st ,14600,54475.0,Hero
464,Bajaj Discover 125,10000.0,2006,individual,1st ,51000,57549.0,Bajaj
465,Royal Enfield Classic 350,135000.0,2017,individual,1st ,15000,0.0,Royal Enfield
466,Honda CB Unicorn 150,55000.0,2017,individual,1st ,12000,74295.0,Honda
467,Bajaj Avenger [2015],35000.0,2012,individual,1st ,15000,75502.0,Bajaj
468,Bajaj Super,20000.0,1988,individual,1st ,21000,0.0,Bajaj
469,Bajaj Pulsar 150,26000.0,2012,individual,2nd ,65000,0.0,Bajaj
470,Honda Activa [2000-2015],23000.0,2009,individual,1st ,95000,50267.0,Activa
471,Royal Enfield Classic Desert Storm,150000.0,2015,individual,1st ,23000,181445.0,Royal Enfield
473,Hero Duet,35000.0,2016,individual,2nd ,49637,54080.0,Hero
475,Royal Enfield Classic 350,150000.0,2017,individual,1st ,7000,0.0,Royal Enfield
476,Honda Activa 3G,50000.0,2016,individual,1st ,5326,54605.0,Activa
477,Honda Activa [2000-2015],25000.0,2009,individual,1st ,585659,50267.0,Activa
479,Hero Super Splendor,35000.0,2014,individual,2nd ,37541,0.0,Hero
480,Honda CB Trigger,45000.0,2015,individual,1st ,36000,83437.0,Honda
481,Honda Dream Yuga,25000.0,2013,individual,1st ,29000,56147.0,Honda
483,TVS Spectra,17000.0,2008,individual,1st ,50000,0.0,TVS
484,Hero Ignitor,30000.0,2016,individual,1st ,18000,67722.0,Hero
486,Bajaj Pulsar 220F,60000.0,2017,individual,2nd ,40000,0.0,Bajaj
487,Hero Splendor Plus,30000.0,2013,individual,1st ,20000,0.0,Hero
488,Yamaha YZF R15 [2011-2018],60000.0,2012,individual,1st ,22000,118997.0,Yamaha
489,Honda Activa 3G,32000.0,2015,individual,1st ,4500,54605.0,Activa
490,Bajaj Discover 150,30000.0,2012,individual,1st ,50000,54299.0,Bajaj
491,Bajaj Pulsar 150 [2001-2011],55000.0,2010,individual,1st ,42000,0.0,Bajaj
492,Bajaj Avenger Street 150 [2018],75000.0,2016,individual,1st ,35000,80435.0,Bajaj
493,TVS Star City Plus,52000.0,2017,individual,1st ,25000,0.0,TVS
494,Bajaj Discover 125,38000.0,2018,individual,1st ,34000,60122.0,Bajaj
495,Bajaj Discover 135,12000.0,2007,individual,1st ,60000,0.0,Bajaj
496,Honda CB Shine SP,47000.0,2017,individual,1st ,73000,64750.0,Honda
497,Honda Activa [2000-2015],22000.0,2014,individual,1st ,38000,50267.0,Activa
498,Bajaj Avenger [2015],65000.0,2015,individual,1st ,26000,75502.0,Bajaj
499,Bajaj Platina 100,23000.0,2013,individual,2nd ,24000,0.0,Bajaj
500,Bajaj Discover 100,30000.0,2011,individual,1st ,45000,42859.0,Bajaj
501,Bajaj Pulsar 150,35000.0,2011,individual,1st ,36000,0.0,Bajaj
502,Bajaj Avenger Street 150 [2018],80000.0,2017,individual,1st ,30000,80435.0,Bajaj
503,Bajaj Platina 100,20000.0,2012,individual,1st ,16295,0.0,Bajaj
504,Bajaj Pulsar 150,16000.0,2011,individual,2nd ,59000,0.0,Bajaj
505,Bajaj Pulsar 150,20000.0,2006,individual,1st ,9500,0.0,Bajaj
506,Bajaj Pulsar NS200,50000.0,2012,individual,1st ,46000,0.0,Bajaj
507,Honda CB Trigger,40000.0,2015,individual,1st ,75000,76572.0,Honda
508,Bajaj Pulsar 135 LS,20000.0,2010,individual,1st ,80000,64589.0,Bajaj
509,Bajaj Pulsar 180,65000.0,2018,individual,1st ,26000,85011.0,Bajaj
510,Yamaha YZF R15 S,85000.0,2016,individual,1st ,26000,117926.0,Yamaha
511,Hero Splendor Plus,12000.0,2007,individual,1st ,100000,0.0,Hero
512,Hero Xpulse 200T,105000.0,2019,individual,1st ,2900,96500.0,Hero
513,Yamaha FZ S V 2.0,40000.0,2015,individual,1st ,25000,84042.0,Yamaha
514,Bajaj Discover 150,30000.0,2011,individual,2nd ,39500,54299.0,Bajaj
515,Honda Activa [2000-2015],25000.0,2012,individual,1st ,40000,50267.0,Activa
516,Hero Splendor PRO,40000.0,2016,individual,1st ,16000,51994.0,Hero
517,Honda Dream Neo,45000.0,2017,individual,2nd ,21000,49211.0,Honda
518,Bajaj CT 100,40000.0,2018,individual,1st ,14000,0.0,Bajaj
519,Suzuki Access 125,70000.0,2018,individual,1st ,7000,76632.0,Suzuki
520,Honda Activa [2000-2015],30000.0,2012,individual,1st ,22000,50267.0,Activa
522,Bajaj Platina 100,20000.0,2012,individual,1st ,16295,0.0,Bajaj
523,Honda CB Hornet 160R,70000.0,2017,individual,1st ,35000,87719.0,Honda
524,Bajaj V15,50000.0,2017,individual,1st ,9000,65626.0,Bajaj
526,Bajaj Pulsar 150,22000.0,2011,individual,1st ,60000,0.0,Bajaj
527,Honda Activa [2000-2015],35000.0,2013,individual,1st ,29500,50267.0,Activa
528,TVS Apache RTR 160,40000.0,2014,individual,2nd ,50000,0.0,TVS
529,Bajaj Pulsar 220F,75000.0,2016,individual,1st ,10500,0.0,Bajaj
531,Hero Maestro Edge,55000.0,2018,individual,1st ,39000,52790.0,Hero
532,Honda Dio,30000.0,2014,individual,1st ,24000,0.0,Honda
533,Hero Glamour 125,40000.0,2016,individual,1st ,15000,61600.0,Hero
534,Bajaj Avenger Street 160,85000.0,2019,individual,1st ,3000,0.0,Bajaj
536,Yamaha YBR 125,35000.0,2013,individual,1st ,20350,54593.0,Yamaha
537,Bajaj Pulsar 150,25000.0,2015,individual,2nd ,50000,0.0,Bajaj
538,Bajaj Pulsar 150,40000.0,2012,individual,2nd ,37000,0.0,Bajaj
540,Hero Passion PRO i3s,55000.0,2018,individual,1st ,15000,54475.0,Hero
541,Bajaj Pulsar 180,60000.0,2015,individual,1st ,28563,85011.0,Bajaj
542,Yamaha Fazer 25,115000.0,2018,individual,1st ,11000,142680.0,Yamaha
543,TVS Excel,5000.0,1998,individual,1st ,60000,0.0,TVS
544,Honda Shine,40000.0,2015,individual,1st ,21121,0.0,Honda
545,Honda Dream Neo,50000.0,2014,individual,1st ,25000,49211.0,Honda
546,Honda Dio,28000.0,2014,individual,1st ,13000,0.0,Honda
547,Hero Splendor Plus,35000.0,2013,individual,1st ,55000,0.0,Hero
548,Bajaj Xcd,25000.0,2007,individual,2nd ,100000,0.0,Bajaj
549,TVS Streak,20000.0,2009,individual,2nd ,36000,0.0,TVS
550,Bajaj Pulsar 180,40000.0,2013,individual,1st ,34000,85011.0,Bajaj
551,Hero Xtreme 200R,86000.0,2018,individual,1st ,12000,93400.0,Hero
552,Yamaha YZF R15 [2011-2018],65000.0,2011,individual,1st ,29000,0.0,Yamaha
553,Bajaj Avenger Street 150 [2018],60000.0,2017,individual,1st ,30000,80435.0,Bajaj
554,Yamaha RX135,65000.0,1998,individual,3rd ,16500,0.0,Yamaha
555,Honda CB Shine SP,41000.0,2017,individual,1st ,33000,66697.0,Honda
556,Honda CBR150 R,110000.0,2017,individual,1st ,11800,129662.0,Honda
557,Honda Dream Yuga,32000.0,2017,individual,1st ,39000,56147.0,Honda
558,Honda Shine,37000.0,2014,individual,1st ,16145,0.0,Honda
559,Hero Splendor Plus i3s,65000.0,2019,individual,1st ,1000,55600.0,Hero
562,Honda Activa 3G,35000.0,2016,individual,1st ,51000,54605.0,Activa
563,Bajaj Pulsar 180F,100000.0,2019,individual,1st ,1300,0.0,Bajaj
565,Bajaj Pulsar 150 [2001-2011],30000.0,2010,individual,2nd ,55000,0.0,Bajaj
566,TVS Apache RTR 200 4V,90000.0,2019,individual,1st ,20000,0.0,TVS
567,Bajaj Super,6000.0,1991,individual,1st ,35000,0.0,Bajaj
569,Bajaj Pulsar 150,55000.0,2015,individual,2nd ,40000,0.0,Bajaj
570,Yamaha SZ X,35000.0,2010,individual,1st ,46000,65800.0,Yamaha
572,Bajaj Pulsar 180,35000.0,2009,individual,1st ,19000,85011.0,Bajaj
573,Bajaj Pulsar 220 DTS-i,40000.0,2011,individual,1st ,26000,0.0,Bajaj
576,Honda CB Unicorn 160,75000.0,2016,individual,1st ,40000,77545.0,Honda
577,Bajaj Avenger Cruise 220,70000.0,2016,individual,1st ,10000,0.0,Bajaj
578,Bajaj Discover 135,22000.0,2007,individual,1st ,25000,0.0,Bajaj
579,Yamaha FZ S V 2.0,80000.0,2019,individual,1st ,10000,87042.0,Yamaha
580,Bajaj Pulsar 150,72000.0,2017,individual,1st ,24000,0.0,Bajaj
581,Hero HF Deluxe,30000.0,2014,individual,2nd ,35000,0.0,Hero
582,Bajaj Pulsar 135 LS,25000.0,2011,individual,2nd ,30000,64589.0,Bajaj
583,Aprilia SR 125,65000.0,2018,individual,1st ,6500,0.0,Aprilia
584,Bajaj Pulsar 150,68000.0,2019,individual,1st ,10000,0.0,Bajaj
585,Hero Duet,27000.0,2016,individual,1st ,28000,50280.0,Hero
586,Honda CB Twister,25000.0,2015,individual,1st ,35000,57241.0,Honda
587,Bajaj Discover 125,45000.0,2016,individual,1st ,20000,60122.0,Bajaj
588,Honda CBR-250R,200000.0,2019,individual,1st ,5500,202310.0,Honda
589,Bajaj Pulsar 180,20100.0,2008,individual,1st ,36000,85011.0,Bajaj
590,Honda Shine,30000.0,2014,individual,1st ,25000,0.0,Honda
591,Suzuki Swish [2012-2015],30000.0,2014,individual,1st ,30000,51685.0,Suzuki
592,TVS Star City,21000.0,2011,individual,1st ,101000,47108.0,TVS
593,Hero Super Splendor,45000.0,2012,individual,1st ,21000,0.0,Hero
594,Yamaha Fazer [2009-2016],45000.0,2014,individual,1st ,57700,84751.0,Yamaha
595,TVS Scooty Pep DLX,14500.0,2012,individual,1st ,44000,0.0,TVS
596,Honda Dream Yuga,47000.0,2019,individual,1st ,8800,56147.0,Honda
597,TVS Star City Plus,26000.0,2014,individual,2nd ,68000,0.0,TVS
598,Yamaha Fazer [2009-2016],25000.0,2013,individual,1st ,120000,84751.0,Yamaha
600,TVS Apache RTR 160,50000.0,2017,individual,1st ,38000,0.0,TVS
601,Honda Dio,23000.0,2010,individual,1st ,40000,0.0,Honda
602,Honda Activa [2000-2015],50000.0,2014,individual,1st ,48000,50267.0,Activa
603,Hero Maestro Edge,46000.0,2015,individual,1st ,14000,55980.0,Hero
604,Honda CB Hornet 160R,80000.0,2017,individual,1st ,18000,87719.0,Honda
605,Hero Karizma [2003-2014],50000.0,2013,individual,1st ,38000,85766.0,Hero
606,Honda CB Trigger,40000.0,2014,individual,1st ,75000,83437.0,Honda
607,Honda CB Hornet 160R,70000.0,2017,individual,1st ,35000,87719.0,Honda
608,Hero Glamour FI,30900.0,2014,individual,1st ,25000,71150.0,Hero
609,Bajaj Avenger [2015],65000.0,2010,individual,1st ,20000,75502.0,Bajaj
611,TVS Apache RTR 160,89999.0,2019,individual,1st ,6400,0.0,TVS
613,Bajaj Platina 100,17000.0,2007,individual,1st ,16000,0.0,Bajaj
614,Yamaha FZ25,90000.0,2018,individual,1st ,8200,132680.0,Yamaha
615,Bajaj Pulsar 150 [2001-2011],35000.0,2010,individual,1st ,60000,0.0,Bajaj
616,Yamaha YZF R15 S,70000.0,2017,individual,1st ,16000,117926.0,Yamaha
617,Bajaj Discover 125,15000.0,2011,individual,1st ,47000,57549.0,Bajaj
618,Hero Passion PRO i3s,35000.0,2016,individual,1st ,18000,54475.0,Hero
619,Honda Activa [2000-2015],15000.0,2006,individual,1st ,50000,50267.0,Activa
620,Bajaj Discover 125,50000.0,2018,individual,1st ,6000,60122.0,Bajaj
621,Suzuki Gixxer [2014-2018],69000.0,2017,individual,1st ,20000,82813.0,Suzuki
622,TVS Wego,15000.0,2011,individual,1st ,65000,54760.0,TVS
623,Bajaj Discover 150,25000.0,2008,individual,1st ,25000,54299.0,Bajaj
624,Suzuki Access 125 [2007-2016],30000.0,2012,individual,1st ,23000,58314.0,Suzuki
625,Hero Karizma 2014,45000.0,2014,individual,1st ,5555,86744.0,Hero
626,Hero CD Deluxe,35000.0,2016,individual,1st ,38000,0.0,Hero
627,Yamaha Fazer 25,120000.0,2018,individual,1st ,6000,142680.0,Yamaha
628,Hero Splendor Plus,25000.0,2015,individual,1st ,45000,0.0,Hero
629,Yamaha YZF R15 [2011-2018],80000.0,2017,individual,1st ,27000,118997.0,Yamaha
631,TVS Apache RTR 160,70000.0,2018,individual,1st ,16000,0.0,TVS
632,Bajaj Pulsar 150,35000.0,2011,individual,1st ,50000,0.0,Bajaj
633,Hero Glamour 125,40000.0,2015,individual,1st ,71250,61600.0,Hero
635,Honda CB Twister,30000.0,2012,individual,1st ,50000,57241.0,Honda
636,Bajaj CT 100,8000.0,2005,individual,2nd ,82000,0.0,Bajaj
637,Bajaj Pulsar 220 DTS-i,65000.0,2013,individual,1st ,6409,0.0,Bajaj
639,Honda CB Trigger,45000.0,2013,individual,1st ,20000,76572.0,Honda
640,Hero Hunk,35000.0,2013,individual,1st ,50000,78513.0,Hero
641,Bajaj Discover 150,25000.0,2011,individual,1st ,52000,54299.0,Bajaj
642,TVS Apache RTR 160,15000.0,2009,individual,4th ,880000,0.0,TVS
643,Hero Xtreme Sports,65000.0,2017,individual,1st ,23000,78350.0,Hero
644,Bajaj Avenger [2015],45000.0,2011,individual,1st ,35000,75502.0,Bajaj
645,Honda Activa 125,45000.0,2017,individual,1st ,49000,0.0,Activa
646,Bajaj Pulsar 220F,50000.0,2011,individual,2nd ,55000,0.0,Bajaj
647,Bajaj Pulsar NS200,85000.0,2018,individual,2nd ,15100,0.0,Bajaj
649,Honda CB Unicorn 150,60000.0,2017,individual,1st ,12652,74295.0,Honda
650,Suzuki Gixxer SF Fi,100000.0,2019,individual,1st ,7000,103170.0,Suzuki
651,KTM RC 200,180000.0,2019,individual,2nd ,13800,0.0,KTM
652,Bajaj Discover 100,25000.0,2010,individual,2nd ,28000,42859.0,Bajaj
653,TVS Wego,15000.0,2011,individual,2nd ,20000,54760.0,TVS
654,Honda CB Hornet 160R,60000.0,2017,individual,2nd ,16008,92210.0,Honda
655,Yamaha YZF R15 S,75000.0,2018,individual,1st ,36000,117926.0,Yamaha
656,Hero CBZ,35000.0,2010,individual,1st ,36000,0.0,Hero
657,TVS Scooty Zest 110,55000.0,2018,individual,1st ,380,53751.0,TVS
658,Yamaha FZ S V 2.0,85000.0,2018,individual,1st ,50000,87042.0,Yamaha
661,Yamaha FZ S V 2.0,60000.0,2017,individual,1st ,14500,84042.0,Yamaha
662,Suzuki Access 125,40000.0,2017,individual,1st ,15000,0.0,Suzuki
663,Bajaj Pulsar 150,30000.0,2010,individual,1st ,54000,0.0,Bajaj
664,Bajaj Pulsar NS160,80000.0,2018,individual,1st ,11000,0.0,Bajaj
665,Hero Splendor PRO,24000.0,2011,individual,1st ,43000,51994.0,Hero
666,Honda Shine,18000.0,2010,individual,1st ,15000,0.0,Honda
667,Hero Passion Pro 110,20000.0,2008,individual,3rd ,40000,0.0,Hero
668,Yamaha FZ16,40000.0,2016,individual,1st ,93000,78712.0,Yamaha
669,Suzuki Access 125,20000.0,2012,individual,1st ,24000,0.0,Suzuki
670,TVS Jupiter,70000.0,2018,individual,1st ,14000,0.0,TVS
671,Hero Passion Pro 110,50000.0,2019,individual,1st ,29442,0.0,Hero
672,Yamaha FZ S V 2.0,75000.0,2017,individual,1st ,20000,84042.0,Yamaha
673,Honda Livo,25000.0,2015,individual,1st ,30000,0.0,Honda
674,Honda CB Hornet 160R,70000.0,2017,individual,1st ,38000,87543.0,Honda
675,Honda Activa 125 [2016-2017],55000.0,2018,individual,1st ,18000,61545.0,Activa
676,Honda Activa 5G,51000.0,2018,individual,1st ,14000,59422.0,Activa
677,Yamaha Saluto,74000.0,2019,individual,1st ,13000,59844.0,Yamaha
678,Yamaha FZ S V 2.0,65000.0,2017,individual,1st ,42000,84042.0,Yamaha
679,Bajaj Avenger Street 150 [2018],60000.0,2016,individual,2nd ,27000,80435.0,Bajaj
680,Bajaj Pulsar 220F,110000.0,2019,individual,1st ,4000,0.0,Bajaj
681,Yamaha YZF R15 [2011-2018],50000.0,2014,individual,1st ,1200,118997.0,Yamaha
682,TVS Apache RTR 160 4V,85009.0,2018,individual,1st ,7500,0.0,TVS
683,Hero Passion Pro 110,60000.0,2013,individual,1st ,15000,0.0,Hero
684,Bajaj Pulsar 150,25000.0,2013,individual,2nd ,70000,0.0,Bajaj
685,TVS Apache RTR 160 4V,75000.0,2019,individual,1st ,12657,0.0,TVS
686,Honda CB Unicorn 150,30000.0,2010,individual,1st ,69000,74295.0,Honda
687,Honda Activa [2000-2015],16600.0,2010,individual,1st ,100000,50267.0,Activa
688,Honda Activa 3G,30000.0,2015,individual,1st ,18000,54605.0,Activa
689,Honda Shine,20000.0,2007,individual,1st ,80000,0.0,Honda
690,Honda Activa 5G,62000.0,2019,individual,1st ,11200,59422.0,Activa
691,Bajaj Avenger Street 220,60000.0,2016,individual,1st ,17000,95955.0,Bajaj
692,Hero Xtreme [2013-2014],45000.0,2014,individual,1st ,56420,72492.0,Hero
693,Yamaha FZ S [2012-2016],40000.0,2011,individual,1st ,82000,79432.0,Yamaha
694,Suzuki Intruder 150,75000.0,2018,individual,1st ,10000,0.0,Suzuki
695,Yamaha Fazer [2009-2016],50000.0,2012,individual,1st ,100000,84751.0,Yamaha
696,Bajaj Pulsar RS 200,105000.0,2017,individual,1st ,18345,0.0,Bajaj
697,Bajaj Discover 135,30000.0,2009,individual,1st ,20000,0.0,Bajaj
699,Bajaj Pulsar 135 LS,45000.0,2014,individual,1st ,14000,64589.0,Bajaj
700,Yamaha Fazer 25,145000.0,2018,individual,2nd ,4100,142680.0,Yamaha
701,Honda CB Unicorn 150,45000.0,2016,individual,2nd ,50000,74295.0,Honda
702,Honda Activa 5G,65000.0,2019,individual,1st ,3025,59422.0,Activa
703,Bajaj Pulsar 135 LS,20000.0,2011,individual,1st ,60000,64589.0,Bajaj
704,Hero Duet,37000.0,2016,individual,1st ,6000,50280.0,Hero
705,Hero Splendor NXG,18000.0,2011,individual,1st ,35000,44814.0,Hero
706,Hero Glamour 125,25000.0,2013,individual,1st ,50000,61600.0,Hero
707,Honda Activa 5G,46000.0,2018,individual,1st ,10000,57557.0,Activa
708,Yamaha Fascino 110,55000.0,2019,individual,1st ,7000,57112.0,Yamaha
709,Bajaj V15,40000.0,2016,individual,1st ,34000,67187.0,Bajaj
711,Honda Activa [2000-2015],25000.0,2012,individual,1st ,38000,50267.0,Activa
712,Bajaj Xcd,15000.0,2008,individual,1st ,100000,0.0,Bajaj
713,Bajaj Pulsar NS160,70000.0,2018,individual,1st ,20000,0.0,Bajaj
714,Honda CB Hornet 160R,70000.0,2017,individual,1st ,240000,92210.0,Honda
715,Yamaha RXG,25000.0,1997,individual,1st ,45354,0.0,Yamaha
716,TVS Streak,10000.0,2009,individual,1st ,100000,0.0,TVS
717,Bajaj Pulsar RS 200,80000.0,2015,individual,1st ,32000,0.0,Bajaj
718,Yamaha Alpha,25000.0,2015,individual,2nd ,14000,54253.0,Yamaha
719,Honda Livo,35000.0,2016,individual,1st ,70000,0.0,Honda
720,Mahindra Gusto,25000.0,2016,individual,1st ,13500,51185.0,Mahindra
721,Bajaj Discover 125,26000.0,2012,individual,1st ,75000,57549.0,Bajaj
722,Hero Glamour 125,15000.0,2011,individual,1st ,75000,61600.0,Hero
723,Honda CB Unicorn 160,50000.0,2017,individual,1st ,52000,77545.0,Honda
724,Hero Pleasure,26500.0,2013,individual,1st ,18860,49600.0,Hero
725,Royal Enfield Classic 350,135000.0,2017,individual,1st ,2700,0.0,Royal Enfield
726,Honda CB Hornet 160R,80000.0,2016,individual,1st ,100000,92661.0,Honda
727,Bajaj CT 100,30000.0,2016,individual,1st ,38500,0.0,Bajaj
728,Yamaha FZ S V 2.0,90000.0,2018,individual,1st ,10500,87042.0,Yamaha
729,Bajaj Pulsar 180,85000.0,2016,individual,1st ,35000,85011.0,Bajaj
730,Hero Glamour 125,54000.0,2013,individual,1st ,17000,61600.0,Hero
731,Bajaj CT 100,42000.0,2019,individual,1st ,2900,0.0,Bajaj
732,Bajaj Discover 100 T,25000.0,2014,individual,1st ,30000,47032.0,Bajaj
733,TVS Star City Plus,50000.0,2016,individual,2nd ,14000,0.0,TVS
734,Honda CB Unicorn 150,55000.0,2014,individual,1st ,10000,74295.0,Honda
735,Hero Passion PRO TR,35000.0,2014,individual,1st ,9556,54586.0,Hero
736,Honda CB Shine SP,50000.0,2018,individual,1st ,37000,64750.0,Honda
737,Bajaj V15,45000.0,2015,individual,1st ,2700,65626.0,Bajaj
738,Bajaj V15,45000.0,2016,individual,1st ,36000,67187.0,Bajaj
739,Bajaj Discover 100,28000.0,2015,individual,2nd ,52000,42859.0,Bajaj
740,Royal Enfield Electra 4 S,80000.0,2013,individual,1st ,46000,0.0,Royal Enfield
741,KTM 200 Duke,130000.0,2016,individual,1st ,12000,0.0,KTM
742,Bajaj Pulsar 220F,120000.0,2019,individual,1st ,6500,0.0,Bajaj
743,Suzuki GS150R,27000.0,2012,individual,1st ,14100,70851.0,Suzuki
744,Honda Shine,30000.0,2014,individual,1st ,40000,0.0,Honda
745,Honda CB Unicorn Dazzler,50000.0,2010,individual,1st ,75000,71757.0,Honda
746,Honda Livo,45000.0,2018,individual,1st ,10000,0.0,Honda
747,Honda Aviator,28000.0,2009,individual,1st ,29625,59183.0,Honda
748,Honda Activa [2000-2015],6000.0,2006,individual,2nd ,35000,50267.0,Activa
749,Hero Hunk,35000.0,2016,individual,1st ,32000,78513.0,Hero
750,Honda Activa 125,30000.0,2014,individual,1st ,20000,0.0,Activa
751,Bajaj Discover 110,15000.0,2007,individual,1st ,70000,52710.0,Bajaj
752,Hero Xtreme [2013-2014],45000.0,2013,individual,1st ,57000,75936.0,Hero
753,TVS Victor GLX,18000.0,2005,individual,1st ,11000,0.0,TVS
754,Bajaj Pulsar NS200,85000.0,2018,individual,1st ,17500,0.0,Bajaj
755,Honda Aviator,30000.0,2014,individual,1st ,7000,59183.0,Honda
756,Bajaj Platina 100,40000.0,2018,individual,1st ,17500,0.0,Bajaj
757,TVS Sport,34000.0,2018,individual,1st ,25000,0.0,TVS
759,Bajaj V15,70000.0,2018,individual,1st ,15000,67187.0,Bajaj
760,Honda Dio,50000.0,2016,individual,1st ,8000,0.0,Honda
761,Honda Dream Yuga,35000.0,2015,individual,1st ,39448,56147.0,Honda
763,Bajaj Pulsar 150,50000.0,2012,individual,1st ,28000,0.0,Bajaj
764,Bajaj Discover 135,37000.0,2008,individual,1st ,62000,0.0,Bajaj
765,Honda Livo,69000.0,2018,individual,1st ,12000,0.0,Honda
767,Bajaj Discover 125,25000.0,2011,individual,1st ,70000,57549.0,Bajaj
768,Yamaha FZ V 2.0,60000.0,2018,individual,1st ,25000,81508.0,Yamaha
769,Yamaha SZ-S,50000.0,2014,individual,1st ,20000,72532.0,Yamaha
770,Royal Enfield Thunderbird 350,135000.0,2016,individual,1st ,4500,0.0,Royal Enfield
771,Bajaj Discover 125 M,30000.0,2014,individual,1st ,45000,49146.0,Bajaj
772,Yamaha FZ S [2012-2016],60000.0,2014,individual,1st ,68000,79432.0,Yamaha
773,Honda Activa [2000-2015],23000.0,2009,individual,1st ,95000,50267.0,Activa
774,Bajaj Xcd,20000.0,2009,individual,1st ,16000,0.0,Bajaj
775,Bajaj Avenger Street 160,80000.0,2019,individual,1st ,5000,0.0,Bajaj
776,Royal Enfield Electra 5 S,99000.0,2006,individual,2nd ,36000,0.0,Royal Enfield
777,TVS Apache RTR 200 4V,90000.0,2018,individual,1st ,70000,0.0,TVS
779,Hero Glamour 125,50000.0,2017,individual,1st ,8600,61600.0,Hero
780,TVS Victor GLX,27000.0,2002,individual,1st ,49000,0.0,TVS
781,Honda Grazia,60000.0,2018,individual,1st ,16000,0.0,Honda
782,Bajaj Pulsar 150 [2001-2011],12000.0,2007,individual,2nd ,100000,0.0,Bajaj
783,Hero Xtreme 2014,50000.0,2014,individual,1st ,10000,72973.0,Hero
784,Hero Pleasure,20000.0,2012,individual,2nd ,30000,49600.0,Hero
785,Hero Passion XPro,45000.0,2018,individual,1st ,7000,58900.0,Hero
786,Hero Super Splendor,40000.0,2013,individual,1st ,68000,0.0,Hero
787,Yamaha FZ S [2012-2016],45000.0,2016,individual,2nd ,20000,79432.0,Yamaha
788,Honda Activa [2000-2015],25000.0,2015,individual,1st ,25000,50267.0,Activa
789,Hero Glamour FI,75000.0,2019,individual,1st ,8900,71150.0,Hero
791,Hero Splendor Plus,25000.0,2006,individual,2nd ,40000,0.0,Hero
792,Hero Xpulse 200,100000.0,2019,individual,1st ,8500,107500.0,Hero
793,Honda CB Unicorn 150,30000.0,2012,individual,1st ,32000,74295.0,Honda
794,Bajaj Discover 135,25000.0,2010,individual,1st ,55000,0.0,Bajaj
797,Royal Enfield Electra Twinspark,120000.0,2016,individual,1st ,345000,0.0,Royal Enfield
798,Honda Dream Neo,42000.0,2014,individual,1st ,21000,53415.0,Honda
799,Hero Maestro,30000.0,2013,individual,1st ,60000,49412.0,Hero
800,Honda CBR150 R,77000.0,2014,individual,1st ,38000,132513.0,Honda
801,Honda CB Unicorn Dazzler,25000.0,2011,individual,1st ,40000,71757.0,Honda
802,TVS Apache [2006],15000.0,2006,individual,1st ,40000,0.0,TVS
803,Hero Passion XPro,25000.0,2013,individual,1st ,25000,59640.0,Hero
804,Honda Activa 5G,50000.0,2018,individual,1st ,25000,57957.0,Activa
805,Honda Activa i,30000.0,2014,individual,1st ,25000,53900.0,Activa
806,TVS Apache RTR 200 4V,125000.0,2019,individual,1st ,3000,0.0,TVS
808,Suzuki Gixxer [2014-2018],45000.0,2015,individual,1st ,40000,78316.0,Suzuki
809,Hero Xpulse 200,98000.0,2019,individual,1st ,8500,107500.0,Hero
810,Bajaj Pulsar 150,75000.0,2017,individual,1st ,30000,0.0,Bajaj
811,Bajaj Pulsar AS150,55000.0,2017,individual,2nd ,20000,80821.0,Bajaj
812,Bajaj Platina 100,25000.0,2013,individual,1st ,30000,0.0,Bajaj
813,Honda CB Twister,70000.0,2014,individual,1st ,12566,49150.0,Honda
814,Suzuki SlingShot,24000.0,2011,individual,1st ,17000,0.0,Suzuki
815,TVS Apache RTR 160,70000.0,2018,individual,1st ,17000,0.0,TVS
816,Bajaj V12,45000.0,2017,individual,1st ,35000,58906.0,Bajaj
817,Hero Karizma 2014,25000.0,2015,individual,1st ,40000,86744.0,Hero
818,Yamaha YZF R15 V3,170000.0,2019,individual,1st ,1400,146400.0,Yamaha
819,Yamaha Fascino 110,38000.0,2016,individual,1st ,37000,54500.0,Yamaha
820,Honda CB Unicorn 160,45000.0,2015,individual,1st ,15000,77545.0,Honda
821,Yamaha Gladiator,15000.0,2009,individual,1st ,46000,0.0,Yamaha
823,Bajaj Discover 100,22000.0,2014,individual,1st ,14289,42859.0,Bajaj
824,Mahindra Gusto,30000.0,2015,individual,2nd ,20000,51185.0,Mahindra
825,Royal Enfield Thunderbird 350,100000.0,2012,individual,1st ,28000,0.0,Royal Enfield
826,Royal Enfield Classic 350,100000.0,2014,individual,1st ,19000,0.0,Royal Enfield
827,Bajaj Pulsar 150,60000.0,2017,individual,1st ,28450,0.0,Bajaj
828,Royal Enfield Electra Twinspark,100000.0,2014,individual,1st ,31500,0.0,Royal Enfield
829,Bajaj Pulsar 150,40000.0,2016,individual,1st ,28000,0.0,Bajaj
830,Bajaj Pulsar 150,21000.0,2007,individual,1st ,100000,0.0,Bajaj
831,Hero HF Deluxe,40000.0,2018,individual,1st ,16000,0.0,Hero
832,Honda Activa [2000-2015],25000.0,2007,individual,1st ,17860,50267.0,Activa
833,Yamaha FZ S [2012-2016],45000.0,2015,individual,1st ,24000,79432.0,Yamaha
834,Bajaj Avenger Cruise 220,75000.0,2016,individual,1st ,10950,0.0,Bajaj
835,Honda Dio,45000.0,2017,individual,1st ,35850,0.0,Honda
836,Honda Activa i [2016-2017],35000.0,2016,individual,1st ,29000,53436.0,Activa
837,Royal Enfield Bullet 350 [2007-2011],60000.0,2001,individual,2nd ,4000,0.0,Royal Enfield
838,Yamaha FZ V 2.0,60000.0,2016,individual,1st ,45420,81508.0,Yamaha
839,Royal Enfield Classic 350,130000.0,2018,individual,2nd ,35000,0.0,Royal Enfield
840,Honda CB Shine SP,42000.0,2017,individual,1st ,19800,64750.0,Honda
841,Bajaj V15,76000.0,2018,individual,1st ,23000,65626.0,Bajaj
842,Hero CBZ,40000.0,2014,individual,1st ,35000,0.0,Hero
843,Hero Splendor Plus,65000.0,2018,individual,1st ,7500,0.0,Hero
844,Bajaj Discover 100 T,20000.0,2013,individual,1st ,20000,47032.0,Bajaj
845,Honda CB Hornet 160R,75000.0,2016,individual,1st ,72000,92661.0,Honda
846,Honda CB Hornet 160R,70000.0,2018,individual,1st ,7000,92661.0,Honda
847,TVS Apache RTR 160 4V,105000.0,2019,individual,1st ,6000,0.0,TVS
848,Honda CB Shine SP,50000.0,2017,individual,1st ,34300,62317.0,Honda
849,Royal Enfield Classic 350,120000.0,2017,individual,1st ,7199,0.0,Royal Enfield
850,Bajaj Pulsar 180,25000.0,2011,individual,1st ,43000,85011.0,Bajaj
851,TVS XL 100,30000.0,2017,individual,1st ,8000,30490.0,TVS
852,Hero Super Splendor,50000.0,2017,individual,1st ,9999,0.0,Hero
854,Bajaj Pulsar 180,50000.0,2014,individual,1st ,30000,85011.0,Bajaj
855,Bajaj Discover 150,35000.0,2015,individual,1st ,12000,54299.0,Bajaj
856,Bajaj Pulsar 180,30000.0,2009,individual,1st ,17500,85011.0,Bajaj
857,Honda Shine,37000.0,2016,individual,1st ,45000,0.0,Honda
858,Honda CB Unicorn 150,42000.0,2013,individual,1st ,38000,74295.0,Honda
859,Royal Enfield Himalayan,119000.0,2016,individual,1st ,19800,0.0,Royal Enfield
860,Kawasaki Ninja 650 [2018-2019],300000.0,2011,individual,1st ,12000,589000.0,Kawasaki
861,Royal Enfield Classic 350,130000.0,1993,individual,2nd ,10000,0.0,Royal Enfield
864,Benelli TNT 25,160000.0,2017,individual,1st ,2009,170994.0,Benelli
865,Royal Enfield Thunderbird 500X,185000.0,2018,individual,1st ,1500,198605.0,Royal Enfield
866,Royal Enfield Continental GT [2013 - 2018],110000.0,2014,individual,1st ,12077,208902.0,Royal Enfield
867,KTM RC 200,150000.0,2017,individual,1st ,20000,0.0,KTM
868,Royal Enfield Bullet 350 [2007-2011],150000.0,1995,individual,3rd ,20000,0.0,Royal Enfield
869,Bajaj Pulsar 220F,45000.0,2011,individual,1st ,40000,0.0,Bajaj
870,Bajaj Avenger Street 220,75000.0,2018,individual,1st ,12000,95955.0,Bajaj
871,Honda Activa 125 [2016-2017],50000.0,2017,individual,1st ,27000,61545.0,Activa
872,Honda Shine,30000.0,2013,individual,1st ,93000,0.0,Honda
873,Bajaj Discover 150F,30000.0,2015,individual,1st ,12000,64071.0,Bajaj
874,Bajaj Pulsar 150 [2001-2011],22000.0,2011,individual,1st ,36000,0.0,Bajaj
875,Hero Karizma ZMR,75000.0,2015,individual,1st ,11000,108000.0,Hero
876,Honda Dream Yuga,45000.0,2017,individual,1st ,26000,56147.0,Honda
877,Hero Glamour 125,35000.0,2014,individual,1st ,450000,61600.0,Hero
878,Honda Activa [2000-2015],35000.0,2012,individual,1st ,29000,50267.0,Activa
879,Bajaj CT 100,25000.0,2017,individual,1st ,45000,0.0,Bajaj
880,Honda CB Hornet 160R,70000.0,2017,individual,1st ,13000,92210.0,Honda
881,Hero CD Dawn,10000.0,2005,individual,1st ,48000,0.0,Hero
882,Royal Enfield Classic Gunmetal Grey,180000.0,2018,individual,1st ,5814,148114.0,Royal Enfield
883,Bajaj Discover 100,24000.0,2014,individual,1st ,31000,42859.0,Bajaj
884,Honda Shine,42000.0,2017,individual,1st ,25000,0.0,Honda
885,TVS Max DLX,26000.0,2002,individual,2nd ,28000,0.0,TVS
886,Honda Dio,60000.0,2018,individual,1st ,11000,0.0,Honda
887,Bajaj Pulsar 180,72000.0,2017,dealer,1st ,7850,85011.0,Bajaj
888,Royal Enfield Thunderbird 350,120000.0,2015,individual,1st ,10000,0.0,Royal Enfield
889,Royal Enfield Thunderbird 350,59000.0,2005,individual,2nd ,40000,0.0,Royal Enfield
890,Royal Enfield Classic Chrome,185000.0,2015,individual,2nd ,5000,189313.0,Royal Enfield
891,Royal Enfield Classic Gunmetal Grey,140000.0,2018,individual,1st ,14000,148114.0,Royal Enfield
892,KTM 390 Duke,205000.0,2018,individual,1st ,7500,0.0,KTM
893,Hero Pleasure [2005-2015],30000.0,2013,individual,1st ,25000,46779.0,Hero
894,TVS Victor,18000.0,2004,individual,1st ,46700,54852.0,TVS
895,Bajaj Pulsar 150,35000.0,2011,individual,1st ,12000,0.0,Bajaj
896,KTM RC 200,185000.0,2019,individual,1st ,6000,0.0,KTM
897,Kawasaki Ninja 300,300000.0,2016,individual,1st ,9800,360000.0,Kawasaki
898,Honda Dream Yuga,30000.0,2015,individual,2nd ,46070,56147.0,Honda
899,Bajaj Pulsar 150,35000.0,2009,individual,1st ,14500,0.0,Bajaj
900,Bajaj Pulsar 150 [2001-2011],35000.0,2008,individual,1st ,70000,0.0,Bajaj
902,Yamaha YZF R15 [2011-2018],80000.0,2013,dealer,1st ,30000,118997.0,Yamaha
904,Hero Karizma ZMR,43000.0,2012,individual,2nd ,63000,108000.0,Hero
906,Yo Style,20000.0,2011,individual,1st ,10000,37675.0,Yo
907,Hero Splendor iSmart,40000.0,2015,individual,1st ,10000,52271.0,Hero
908,Hero Super Splendor,30000.0,2011,individual,1st ,89000,0.0,Hero
909,Bajaj Discover 100,21000.0,2009,individual,1st ,50000,42859.0,Bajaj
910,Yamaha Fazer [2009-2016],35000.0,2011,individual,1st ,15500,84751.0,Yamaha
911,Bajaj Discover 125,23000.0,2011,individual,1st ,66000,57549.0,Bajaj
912,Hero Super Splendor,40000.0,2017,individual,2nd ,80000,0.0,Hero
913,Honda Shine,40000.0,2011,individual,1st ,8600,0.0,Honda
914,Bajaj Discover 125 M,45000.0,2014,individual,1st ,40000,47186.0,Bajaj
915,Bajaj Avenger Street 150 [2018],60000.0,2016,individual,1st ,25000,80435.0,Bajaj
916,Yamaha Fazer [2009-2016],40000.0,2013,individual,1st ,34500,84751.0,Yamaha
917,Hero Passion X Pro [2016-2017],42000.0,2016,individual,1st ,15500,59095.0,Hero
918,Honda Activa [2000-2015],18000.0,2011,individual,1st ,28000,50267.0,Activa
919,TVS Star City,15000.0,2006,individual,1st ,40000,46575.0,TVS
921,TVS Star City,25000.0,2016,individual,1st ,50000,47108.0,TVS
922,Bajaj Pulsar 150,70000.0,2017,individual,1st ,24000,0.0,Bajaj
923,Bajaj Discover 100,23000.0,2012,individual,1st ,50000,42859.0,Bajaj
924,TVS Victor,10000.0,2005,individual,1st ,55000,54852.0,TVS
926,Honda Aviator,25000.0,2012,individual,2nd ,12000,59183.0,Honda
927,Bajaj Pulsar 180,50000.0,2010,individual,1st ,70000,85011.0,Bajaj
928,Bajaj Avenger [2015],60000.0,2015,individual,2nd ,16000,75502.0,Bajaj
929,Hero CD Dawn,35000.0,2014,individual,1st ,38000,0.0,Hero
930,Hero Maestro,50000.0,2016,individual,1st ,100000,49412.0,Hero
931,Honda CB Shine SP,50000.0,2016,individual,1st ,45000,64750.0,Honda
935,Honda Activa 3G,40000.0,2016,individual,1st ,60000,54605.0,Activa
936,Bajaj Pulsar 135 LS,45000.0,2017,individual,1st ,22000,64589.0,Bajaj
937,Bajaj Pulsar 150 [2001-2011],30000.0,2008,individual,1st ,19500,0.0,Bajaj
938,Hero Pleasure,30000.0,2013,individual,1st ,25000,49600.0,Hero
940,Bajaj Pulsar 150,40000.0,2014,individual,2nd ,65000,0.0,Bajaj
941,Honda CB Twister,25000.0,2012,individual,1st ,86000,53857.0,Honda
942,Honda Livo,45000.0,2017,individual,1st ,30000,0.0,Honda
943,Bajaj Pulsar AS200,65000.0,2015,individual,1st ,33000,92074.0,Bajaj
944,Honda Activa 3G,40000.0,2015,individual,1st ,36000,54605.0,Activa
946,Honda CB Hornet 160R,70000.0,2017,individual,1st ,28000,83340.0,Honda
947,Hero HF Deluxe,35000.0,2018,individual,1st ,15000,0.0,Hero
948,Hero Splendor PRO,35000.0,2015,individual,1st ,35280,51994.0,Hero
949,Bajaj Boxer,15000.0,2004,individual,1st ,18000,0.0,Bajaj
950,Royal Enfield Electra 5 S,99000.0,2012,individual,1st ,28000,0.0,Royal Enfield
951,Royal Enfield Electra 5 S,90000.0,2012,individual,1st ,40000,0.0,Royal Enfield
953,Hero Ignitor,36000.0,2016,individual,1st ,23000,65599.0,Hero
954,Bajaj Discover 100 M,32000.0,2014,individual,1st ,30000,44756.0,Bajaj
955,Honda Activa 3G,50000.0,2016,individual,1st ,6000,54605.0,Activa
956,Bajaj Pulsar 135 LS,50000.0,2015,individual,1st ,48000,64589.0,Bajaj
957,Bajaj Pulsar 220 DTS-i,60000.0,2014,individual,1st ,16000,0.0,Bajaj
960,Royal Enfield Thunder 500,175000.0,2018,individual,1st ,3000,190000.0,Royal Enfield
961,UM Renegade Mojave,170000.0,2019,individual,1st ,1400,182000.0,UM
962,KTM RC200,165000.0,2019,individual,1st ,4000,178000.0,KTM
963,Bajaj Dominar 400,145000.0,2019,individual,1st ,1200,160000.0,Bajaj
964,Royal Enfield Classic 350,135000.0,2019,individual,1st ,4100,147000.0,Royal Enfield
965,KTM RC390,135000.0,2017,individual,1st ,21700,237000.0,KTM
966,Hyosung GT250R,135000.0,2016,individual,2nd ,16500,345000.0,Hyosung
967,Royal Enfield Thunder 350,125000.0,2015,individual,1st ,15000,150000.0,Royal Enfield
968,Royal Enfield Thunder 350,120000.0,2018,individual,1st ,18000,150000.0,Royal Enfield
969,Royal Enfield Classic 350,120000.0,2019,individual,1st ,11000,147000.0,Royal Enfield
970,KTM RC200,120000.0,2018,individual,1st ,6000,178000.0,KTM
971,Royal Enfield Thunder 350,115000.0,2018,individual,1st ,8700,150000.0,Royal Enfield
972,KTM 390 Duke,115000.0,2016,individual,1st ,7000,240000.0,KTM
973,Mahindra Mojo XT300,115000.0,2018,individual,1st ,35000,140000.0,Mahindra
974,Royal Enfield Classic 350,115000.0,2017,individual,1st ,17000,147000.0,Royal Enfield
975,Royal Enfield Classic 350,111000.0,2017,individual,1st ,17500,147000.0,Royal Enfield
976,Royal Enfield Classic 350,110000.0,2015,individual,1st ,33000,147000.0,Royal Enfield
977,Royal Enfield Thunder 500,110000.0,2017,individual,1st ,14000,190000.0,Royal Enfield
978,Royal Enfield Classic 350,110000.0,2017,individual,1st ,26000,147000.0,Royal Enfield
979,Royal Enfield Thunder 500,105000.0,2015,individual,1st ,5400,190000.0,Royal Enfield
980,Bajaj Pulsar RS200,105000.0,2018,individual,1st ,5700,126000.0,Bajaj
981,Royal Enfield Thunder 350,105000.0,2013,individual,1st ,6900,150000.0,Royal Enfield
982,Royal Enfield Bullet 350,105000.0,2018,individual,1st ,6000,117000.0,Royal Enfield
983,Royal Enfield Classic 350,100000.0,2015,individual,1st ,46500,147000.0,Royal Enfield
984,Royal Enfield Classic 500,95000.0,2014,individual,1st ,11500,175000.0,Royal Enfield
985,Royal Enfield Classic 500,90000.0,2011,individual,1st ,40000,175000.0,Royal Enfield
986,Bajaj Avenger 220,90000.0,2019,individual,1st ,1300,95000.0,Bajaj
987,Bajaj Avenger 150,75000.0,2018,individual,1st ,7000,80000.0,Bajaj
988,Honda CB Hornet 160R,80000.0,2019,individual,1st ,3000,87000.0,Honda
989,Yamaha FZ S V 2.0,78000.0,2019,individual,1st ,5000,84000.0,Yamaha
990,Honda CB Hornet 160R,75000.0,2019,individual,1st ,11000,87000.0,Honda
991,Yamaha FZ 16,75000.0,2017,individual,1st ,18000,82000.0,Yamaha
992,Bajaj Avenger 220,75000.0,2019,individual,1st ,3500,95000.0,Bajaj
993,Bajaj Avenger 220,72000.0,2018,individual,1st ,500,95000.0,Bajaj
994,TVS Apache RTR 160,65000.0,2019,individual,1st ,11800,81000.0,TVS
995,Bajaj Pulsar 150,65000.0,2017,individual,1st ,5000,74000.0,Bajaj
996,Honda CBR 150,65000.0,2016,individual,1st ,23500,120000.0,Honda
997,Hero Extreme,65000.0,2015,individual,1st ,16000,78700.0,Hero
998,Honda CB Hornet 160R,60000.0,2018,individual,1st ,15000,87000.0,Honda
999,Bajaj Avenger 220 dtsi,60000.0,2017,individual,1st ,16600,95000.0,Bajaj
1000,Honda CBR 150,60000.0,2015,individual,1st ,32000,120000.0,Honda
1001,Bajaj Avenger 150 street,60000.0,2018,individual,1st ,20000,80000.0,Bajaj
1002,Yamaha FZ  v 2.0,60000.0,2017,individual,1st ,29000,84000.0,Yamaha
1003,Yamaha FZ  v 2.0,60000.0,2018,individual,1st ,25000,84000.0,Yamaha
1004,Bajaj Pulsar  NS 200,60000.0,2016,individual,1st ,25000,99000.0,Bajaj
1005,TVS Apache RTR 160,60000.0,2014,individual,1st ,19000,81000.0,TVS
1006,Hero Extreme,55000.0,2016,individual,1st ,15000,78700.0,Hero
1007,Yamaha FZ S V 2.0,55000.0,2017,individual,1st ,58000,84000.0,Yamaha
1008,Bajaj Pulsar 220 F,52000.0,2012,individual,1st ,45000,94000.0,Bajaj
1009,Bajaj Pulsar 220 F,51000.0,2018,individual,1st ,24000,94000.0,Bajaj
1010,TVS Apache RTR 180,50000.0,2013,individual,1st ,6000,82600.0,TVS
1011,Hero Passion X pro,50000.0,2018,individual,1st ,31000,55000.0,Hero
1012,Bajaj Pulsar NS 200,50000.0,2014,individual,1st ,13000,99000.0,Bajaj
1013,Bajaj Pulsar NS 200,50000.0,2015,individual,1st ,45000,99000.0,Bajaj
1014,Yamaha Fazer,50000.0,2016,individual,1st ,8000,88000.0,Yamaha
1015,Honda Activa 4G,48000.0,2019,individual,1st ,4300,51000.0,Activa
1016,TVS Sport,48000.0,2019,individual,1st ,15000,52000.0,TVS
1017,Yamaha FZ S V 2.0,48000.0,2017,individual,1st ,23000,84000.0,Yamaha
1018,Honda Dream Yuga,48000.0,2019,individual,1st ,8600,54000.0,Honda
1019,Honda Activa 4G,45000.0,2019,individual,1st ,4000,51000.0,Activa
1020,Bajaj Avenger Street 220,45000.0,2013,individual,1st ,24000,95000.0,Bajaj
1021,TVS Apache RTR 180,45000.0,2016,individual,1st ,23000,82600.0,TVS
1022,Bajaj Pulsar NS 200,45000.0,2014,individual,1st ,14500,99000.0,Bajaj
1023,Bajaj Avenger 220 dtsi,45000.0,2012,individual,1st ,27000,95000.0,Bajaj
1024,Hero Splender iSmart,45000.0,2018,individual,1st ,14000,54000.0,Hero
1025,Activa 3g,45000.0,2018,individual,1st ,500,54000.0,Activa
1026,Hero Passion Pro,45000.0,2018,individual,1st ,1000,55000.0,Hero
1027,TVS Apache RTR 160,42000.0,2016,individual,1st ,42000,81000.0,TVS
1028,Honda CB Trigger,42000.0,2015,individual,1st ,12000,73000.0,Honda
1029,Hero Splender iSmart,40000.0,2017,individual,1st ,14000,54000.0,Hero
1030,Yamaha FZ S,40000.0,2014,individual,1st ,5500,83000.0,Yamaha
1031,Hero Passion Pro,40000.0,2017,individual,1st ,6700,55000.0,Hero
1032,Bajaj Pulsar 135 LS,40000.0,2016,individual,1st ,13700,64000.0,Bajaj
1033,Activa 4g,40000.0,2019,individual,1st ,1300,51000.0,Activa
1034,Honda CB Unicorn,38000.0,2017,individual,1st ,38600,72000.0,Honda
1036,Honda Karizma,35000.0,2013,individual,1st ,30000,105000.0,Honda
1037,Honda Activa 125,35000.0,2018,individual,1st ,24000,57000.0,Activa
1038,TVS Jupyter,35000.0,2016,individual,1st ,19000,52000.0,TVS
1039,Honda Karizma,31000.0,2012,individual,1st ,213000,105000.0,Honda
1041,Hero Splender Plus,30000.0,2018,individual,1st ,50000,48000.0,Hero
1042,Honda CB Shine,30000.0,2015,individual,1st ,30000,58000.0,Honda
1043,Bajaj Discover 100,27000.0,2015,individual,1st ,21000,47000.0,Bajaj
1044,Bajaj Pulsar 150,25000.0,2010,individual,2nd ,26000,75000.0,Bajaj
1045,Suzuki Access 125,25000.0,2010,individual,1st ,1900,58000.0,Suzuki
1046,TVS Wego,25000.0,2012,individual,1st ,22000,52000.0,TVS
1047,Honda CB twister,25000.0,2015,individual,1st ,32000,51000.0,Honda
1048,Hero Glamour,25000.0,2015,individual,1st ,18000,57000.0,Hero
1049,Hero Super Splendor,20000.0,2007,individual,1st ,55000,57000.0,Hero
1050,Bajaj Pulsar 150,20000.0,2010,individual,1st ,60000,75000.0,Bajaj
1051,Bajaj Discover 125,20000.0,2014,individual,2nd ,25000,57000.0,Bajaj
1052,Hero Hunk,20000.0,2009,individual,2nd ,49000,75000.0,Hero
1053,Hero  Ignitor Disc,20000.0,2015,individual,2nd ,24000,65000.0,Hero
1054,Hero  CBZ Xtreme,20000.0,2010,individual,1st ,50000,78700.0,Hero
1055,Bajaj  ct 100,18000.0,2017,individual,1st ,35000,32000.0,Bajaj
1056,Activa 3g,17000.0,2010,individual,1st ,500000,52000.0,Activa
1057,Honda CB twister,16000.0,2012,individual,1st ,33000,51000.0,Honda
1058,Bajaj Discover 125,15000.0,2013,individual,2nd ,35000,57000.0,Bajaj
1059,Honda CB Shine,12000.0,2009,individual,1st ,53000,58000.0,Honda
1060,Bajaj Pulsar 150,10000.0,2008,individual,1st ,92233,75000.0,Bajaj
8,Hero Honda CBZ extreme,30000.0,2010,individual,1st ,32000,0.0,Hero Honda
16,Hero Honda Glamour,25000.0,2006,individual,1st ,27000,0.0,Hero Honda
29,Hero Honda Splendor NXG,21000.0,2009,individual,1st ,10000,0.0,Hero Honda
38,Hero Honda Passion PRO [2012],30000.0,2011,individual,1st ,42000,0.0,Hero Honda
55,Hero Honda Passion Plus,25000.0,2006,individual,1st ,75000,0.0,Hero Honda
76,Hero Honda Karizma ZMR [2010],50000.0,2010,individual,1st ,48000,0.0,Hero Honda
85,Hero Honda CD Deluxe,25000.0,2009,individual,1st ,50000,0.0,Hero Honda
113,Hero Honda Glamour,30000.0,2008,individual,1st ,7500,0.0,Hero Honda
115,Hero Honda Passion Plus,7500.0,2004,individual,1st ,120000,0.0,Hero Honda
126,Hero Honda CBZ extreme,25000.0,2010,individual,1st ,40000,0.0,Hero Honda
135,Hero Honda CBZ extreme,20000.0,2007,individual,1st ,90000,0.0,Hero Honda
166,Hero Honda Pleasure,23000.0,2010,individual,1st ,32000,0.0,Hero Honda
196,Hero Honda Hunk,56000.0,2015,individual,1st ,48000,0.0,Hero Honda
197,Hero Honda Hunk,58000.0,2015,individual,1st ,48000,0.0,Hero Honda
219,Hero Honda Glamour,15000.0,2006,individual,1st ,80000,0.0,Hero Honda
225,Hero Honda Passion,9000.0,2002,individual,2nd ,66191,0.0,Hero Honda
256,Hero Honda Splendor Plus,15000.0,2005,individual,1st ,65000,0.0,Hero Honda
258,Hero Honda Passion PRO [2012],25000.0,2011,individual,1st ,20000,0.0,Hero Honda
264,Hero Honda Splendor Plus,20000.0,2006,individual,1st ,23000,0.0,Hero Honda
283,Hero Honda CBZ extreme,42000.0,2010,individual,1st ,51000,0.0,Hero Honda
307,Hero Honda Splendor Plus,15000.0,2007,individual,1st ,30000,0.0,Hero Honda
314,Hero Honda Hunk,28000.0,2009,individual,1st ,40000,0.0,Hero Honda
321,Hero Honda Splendor PRO,30000.0,2012,individual,1st ,22866,0.0,Hero Honda
333,Hero Honda Splendor Plus,12000.0,2005,individual,1st ,48000,0.0,Hero Honda
346,Hero Honda Splendor Plus,18000.0,2010,individual,1st ,35700,0.0,Hero Honda
349,Hero Honda Splendor Plus,15000.0,2004,individual,1st ,14500,0.0,Hero Honda
363,Hero Honda CD100SS,10000.0,1997,individual,1st ,646000,0.0,Hero Honda
410,Hero Honda Splendor Plus,28000.0,2008,individual,1st ,70889,0.0,Hero Honda
422,Hero Honda Splendor,10000.0,2000,individual,1st ,61000,0.0,Hero Honda
428,Hero Honda Karizma ZMR [2010],45000.0,2012,individual,3rd ,44000,0.0,Hero Honda
431,Hero Honda CD Deluxe,14700.0,2005,individual,2nd ,30000,0.0,Hero Honda
435,Hero Honda Glamour,19000.0,2012,individual,1st ,32000,0.0,Hero Honda
440,Hero Honda Splendor Plus,40000.0,2007,individual,1st ,40000,0.0,Hero Honda
472,Hero Honda CD Deluxe,24700.0,2012,individual,2nd ,40000,0.0,Hero Honda
474,Hero Honda Passion PRO [2012],12000.0,2012,individual,1st ,90000,0.0,Hero Honda
478,Hero Honda CD100,15000.0,1999,dealer,2nd ,10000,0.0,Hero Honda
482,Hero Honda Passion Plus,40000.0,2018,individual,1st ,29000,0.0,Hero Honda
485,Hero Honda CD100,15000.0,2000,individual,1st ,50000,0.0,Hero Honda
521,Hero Honda Pleasure,25000.0,2009,individual,1st ,50000,0.0,Hero Honda
525,Hero Honda CD Deluxe,25000.0,2010,individual,1st ,35000,0.0,Hero Honda
530,Hero Honda Passion PRO [2012],28000.0,2011,individual,2nd ,60000,0.0,Hero Honda
535,Hero Honda CD Deluxe,12000.0,2007,individual,2nd ,100000,0.0,Hero Honda
539,Hero Honda CD Deluxe,15000.0,2011,individual,1st ,70000,0.0,Hero Honda
560,Hero Honda Passion Plus,18000.0,2007,individual,2nd ,50000,0.0,Hero Honda
561,Hero Honda Passion PRO [2012],28700.0,2012,individual,2nd ,49876,0.0,Hero Honda
564,Hero Honda Glamour,21000.0,2010,individual,1st ,11000,0.0,Hero Honda
568,Hero Honda Passion Plus,23500.0,2010,individual,1st ,60000,0.0,Hero Honda
571,Hero Honda CD100,15000.0,1998,individual,1st ,65000,0.0,Hero Honda
574,Hero Honda Achiever,15000.0,2009,individual,1st ,86000,0.0,Hero Honda
575,Hero Honda Karizma,40000.0,2011,individual,2nd ,340000,0.0,Hero Honda
599,Hero Honda Street Smart,10000.0,2000,individual,1st ,24000,0.0,Hero Honda
610,Hero Honda Splendor Plus,15000.0,2006,individual,1st ,100000,0.0,Hero Honda
612,Hero Honda Splendor Plus,17600.0,2006,individual,1st ,52000,0.0,Hero Honda
630,Hero Honda Splendor Plus,10000.0,2007,individual,1st ,98000,0.0,Hero Honda
634,Hero Honda Passion Plus,20000.0,2006,individual,1st ,28000,0.0,Hero Honda
638,Hero Honda Super Splendor [2005],20000.0,2008,individual,1st ,54000,0.0,Hero Honda
648,Hero Honda Splendor,25000.0,2008,individual,1st ,38000,0.0,Hero Honda
659,Hero Honda Glamour,35000.0,2012,individual,1st ,30000,0.0,Hero Honda
660,Hero Honda CBZ extreme,35000.0,2011,individual,1st ,35000,0.0,Hero Honda
698,Hero Honda CBZ,10000.0,2000,individual,4th ,48000,0.0,Hero Honda
710,Hero Honda Passion PRO [2012],25000.0,2012,individual,2nd ,20000,0.0,Hero Honda
758,Hero Honda Passion Plus,8000.0,2003,individual,1st ,53500,0.0,Hero Honda
762,Hero Honda Splendor Plus,20000.0,2006,individual,1st ,75000,0.0,Hero Honda
766,Hero Honda Splendor NXG,28000.0,2012,individual,1st ,49999,0.0,Hero Honda
778,Hero Honda Splendor Plus,20000.0,2005,individual,1st ,27370,0.0,Hero Honda
790,Hero Honda Passion Plus,25000.0,2007,individual,1st ,70000,0.0,Hero Honda
795,Hero Honda Splendor,10000.0,2006,individual,1st ,75000,0.0,Hero Honda
796,Hero Honda CD Deluxe,25000.0,2008,individual,3rd ,65000,0.0,Hero Honda
807,Hero Honda CBZ extreme,35000.0,2011,individual,1st ,28000,0.0,Hero Honda
822,Hero Honda Glamour,45000.0,2012,individual,1st ,75000,0.0,Hero Honda
853,Hero Honda CBZ extreme,25000.0,2007,individual,1st ,80000,0.0,Hero Honda
862,Hero Honda Passion Plus,22000.0,2008,individual,2nd ,85000,0.0,Hero Honda
863,Hero Honda Splendor Plus,15000.0,2007,individual,1st ,70000,0.0,Hero Honda
901,Hero Honda Passion Plus,25000.0,2008,dealer,2nd ,100000,0.0,Hero Honda
903,Hero Honda Splendor Plus,20000.0,2004,individual,2nd ,127000,0.0,Hero Honda
905,Hero Honda Splendor Plus,20000.0,2010,individual,2nd ,30000,0.0,Hero Honda
920,Hero Honda Hunk,45000.0,2013,individual,1st ,40000,0.0,Hero Honda
925,Hero Honda Splendor Plus,25000.0,2012,individual,1st ,70000,0.0,Hero Honda
932,Hero Honda CD Deluxe,25500.0,2012,individual,1st ,28990,0.0,Hero Honda
933,Hero Honda Hunk,35000.0,2010,individual,1st ,13000,0.0,Hero Honda
934,Hero Honda CD Deluxe,20000.0,2005,individual,1st ,15000,0.0,Hero Honda
939,Hero Honda CBZ extreme,30000.0,2011,individual,3rd ,70000,0.0,Hero Honda
945,Hero Honda Hunk,40000.0,2010,individual,1st ,41000,0.0,Hero Honda
952,Hero Honda Hunk,20000.0,2010,individual,1st ,17000,0.0,Hero Honda
958,Hero Honda CBZ extreme,40000.0,2009,individual,1st ,50000,0.0,Hero Honda
959,Hero Honda CBZ extreme,35000.0,2012,individual,1st ,60000,0.0,Hero Honda
1035,Hero Honda CBZ extreme,38000.0,2013,individual,1st ,75000,78700.0,Hero Honda
1040,Hero Honda Passion Pro,30000.0,2014,individual,1st ,60000,51000.0,Hero Honda
